ISO-10303-21;
HEADER;
/* Generated by software containing ST-Developer
 * from STEP Tools, Inc. (www.steptools.com) 
 */

FILE_DESCRIPTION(
/* description */ (''),
/* implementation_level */ '2;1');

FILE_NAME(
/* name */ 'Top.step',
/* time_stamp */ '2026-03-26T14:30:32-07:00',
/* author */ (''),
/* organization */ (''),
/* preprocessor_version */ 'ST-DEVELOPER v20.1',
/* originating_system */ 'Autodesk Translation Framework v14.24.0.0',
/* authorisation */ '');

FILE_SCHEMA (('AUTOMOTIVE_DESIGN { 1 0 10303 214 3 1 1 }'));
ENDSEC;

DATA;
#10=MECHANICAL_DESIGN_GEOMETRIC_PRESENTATION_REPRESENTATION('',(#53,#54,
#55,#56,#57,#58,#59,#60,#61,#62,#63,#64,#65,#66,#67,#68,#69,#70,#71,#72,
#73,#74,#75,#76,#77,#78,#79,#80,#81,#82,#83,#84,#85,#86),#2382);
#11=SHAPE_REPRESENTATION_RELATIONSHIP('SRR','None',#2389,#12);
#12=ADVANCED_BREP_SHAPE_REPRESENTATION('',(#13),#2381);
#13=MANIFOLD_SOLID_BREP('Body2',#1211);
#14=ELLIPSE('',#1282,1.4142135623731,1.);
#15=ELLIPSE('',#1283,1.4142135623731,1.);
#16=ELLIPSE('',#1315,2.82842712474618,2.);
#17=ELLIPSE('',#1316,2.8284271247462,2.);
#18=ELLIPSE('',#1318,2.8284271247462,2.);
#19=ELLIPSE('',#1320,2.82842712474618,2.);
#20=B_SPLINE_SURFACE_WITH_KNOTS('',3,3,((#1827,#1828,#1829,#1830,#1831,
#1832,#1833,#1834,#1835,#1836,#1837,#1838,#1839,#1840,#1841,#1842,#1843,
#1844,#1845,#1846,#1847),(#1848,#1849,#1850,#1851,#1852,#1853,#1854,#1855,
#1856,#1857,#1858,#1859,#1860,#1861,#1862,#1863,#1864,#1865,#1866,#1867,
#1868),(#1869,#1870,#1871,#1872,#1873,#1874,#1875,#1876,#1877,#1878,#1879,
#1880,#1881,#1882,#1883,#1884,#1885,#1886,#1887,#1888,#1889),(#1890,#1891,
#1892,#1893,#1894,#1895,#1896,#1897,#1898,#1899,#1900,#1901,#1902,#1903,
#1904,#1905,#1906,#1907,#1908,#1909,#1910),(#1911,#1912,#1913,#1914,#1915,
#1916,#1917,#1918,#1919,#1920,#1921,#1922,#1923,#1924,#1925,#1926,#1927,
#1928,#1929,#1930,#1931),(#1932,#1933,#1934,#1935,#1936,#1937,#1938,#1939,
#1940,#1941,#1942,#1943,#1944,#1945,#1946,#1947,#1948,#1949,#1950,#1951,
#1952),(#1953,#1954,#1955,#1956,#1957,#1958,#1959,#1960,#1961,#1962,#1963,
#1964,#1965,#1966,#1967,#1968,#1969,#1970,#1971,#1972,#1973),(#1974,#1975,
#1976,#1977,#1978,#1979,#1980,#1981,#1982,#1983,#1984,#1985,#1986,#1987,
#1988,#1989,#1990,#1991,#1992,#1993,#1994),(#1995,#1996,#1997,#1998,#1999,
#2000,#2001,#2002,#2003,#2004,#2005,#2006,#2007,#2008,#2009,#2010,#2011,
#2012,#2013,#2014,#2015)),.UNSPECIFIED.,.F.,.T.,.F.,(4,1,1,1,1,1,4),(4,
1,1,1,1,1,1,1,1,1,1,1,1,1,1,1,1,1,4),(0.,0.142857142857143,0.285714285714286,
0.571428571428571,0.857142857142857,0.892857142857143,1.),(-3.14159265358979,
-2.69279370307697,-2.24399475256414,-1.79519580205131,-1.34639685153848,
-1.0471975511966,-0.747998250854713,-0.448798950512828,-0.149599650170943,
0.149599650170943,0.448798950512828,0.747998250854713,1.0471975511966,1.34639685153848,
1.64559615188037,1.94479545222225,2.24399475256414,2.69279370307697,3.14159265358979),
 .UNSPECIFIED.);
#21=B_SPLINE_SURFACE_WITH_KNOTS('',3,3,((#2060,#2061,#2062,#2063,#2064,
#2065),(#2066,#2067,#2068,#2069,#2070,#2071),(#2072,#2073,#2074,#2075,#2076,
#2077),(#2078,#2079,#2080,#2081,#2082,#2083),(#2084,#2085,#2086,#2087,#2088,
#2089)),.UNSPECIFIED.,.F.,.F.,.F.,(4,1,4),(4,1,1,4),(0.,0.571428571428571,
1.),(1.8280008297089E-17,0.137062063959643,0.228436773266071,0.3198114825725),
 .UNSPECIFIED.);
#22=B_SPLINE_SURFACE_WITH_KNOTS('',3,3,((#2124,#2125,#2126,#2127,#2128),
(#2129,#2130,#2131,#2132,#2133),(#2134,#2135,#2136,#2137,#2138),(#2139,
#2140,#2141,#2142,#2143),(#2144,#2145,#2146,#2147,#2148)),.UNSPECIFIED.,
 .F.,.F.,.F.,(4,1,4),(4,1,4),(0.,0.571428571428571,1.),(0.,0.137063970199754,
0.319815930466093),.UNSPECIFIED.);
#23=B_SPLINE_SURFACE_WITH_KNOTS('',3,3,((#2187,#2188,#2189,#2190,#2191),
(#2192,#2193,#2194,#2195,#2196),(#2197,#2198,#2199,#2200,#2201),(#2202,
#2203,#2204,#2205,#2206),(#2207,#2208,#2209,#2210,#2211)),.UNSPECIFIED.,
 .F.,.F.,.F.,(4,1,4),(4,1,4),(0.,0.571428571428571,1.),(1.87227368392007E-15,
0.182749418612894,0.319811482572562),.UNSPECIFIED.);
#24=B_SPLINE_SURFACE_WITH_KNOTS('',3,3,((#2240,#2241,#2242,#2243,#2244),
(#2245,#2246,#2247,#2248,#2249),(#2250,#2251,#2252,#2253,#2254),(#2255,
#2256,#2257,#2258,#2259),(#2260,#2261,#2262,#2263,#2264)),.UNSPECIFIED.,
 .F.,.F.,.F.,(4,1,4),(4,1,4),(0.,0.571428571428571,1.),(0.,0.137063970201172,
0.319815930469401),.UNSPECIFIED.);
#25=TOROIDAL_SURFACE('',#1262,18.,1.);
#26=TOROIDAL_SURFACE('',#1297,43.,3.);
#27=TOROIDAL_SURFACE('',#1303,43.,3.);
#28=TOROIDAL_SURFACE('',#1308,49.,1.);
#29=B_SPLINE_CURVE_WITH_KNOTS('',3,(#1741,#1742,#1743,#1744),
 .UNSPECIFIED.,.F.,.F.,(4,4),(-1.17852534167574,-0.0499929503598362),
 .UNSPECIFIED.);
#30=B_SPLINE_CURVE_WITH_KNOTS('',3,(#1746,#1747,#1748,#1749,#1750,#1751,
#1752,#1753,#1754,#1755),.UNSPECIFIED.,.F.,.F.,(4,2,2,2,4),(-0.162508836242998,
-0.11562370192738,-0.0731805833343064,-0.0350421958053444,0.),
 .UNSPECIFIED.);
#31=B_SPLINE_CURVE_WITH_KNOTS('',3,(#1765,#1766,#1767,#1768,#1769,#1770,
#1771,#1772,#1773,#1774),.UNSPECIFIED.,.F.,.F.,(4,2,2,2,4),(0.,0.0350421958053444,
0.0731805833343064,0.11562370192738,0.162508836242998),.UNSPECIFIED.);
#32=B_SPLINE_CURVE_WITH_KNOTS('',3,(#1776,#1777,#1778,#1779),
 .UNSPECIFIED.,.F.,.F.,(4,4),(-1.16881713712086,0.),.UNSPECIFIED.);
#33=B_SPLINE_CURVE_WITH_KNOTS('',3,(#1796,#1797,#1798,#1799,#1800,#1801,
#1802,#1803,#1804,#1805),.UNSPECIFIED.,.F.,.F.,(4,3,3,4),(-2.04475413789754,
-1.69119592020714,-0.353558217690401,0.),.UNSPECIFIED.);
#34=B_SPLINE_CURVE_WITH_KNOTS('',3,(#2017,#2018,#2019,#2020,#2021,#2022,
#2023,#2024,#2025),.UNSPECIFIED.,.F.,.F.,(4,1,1,1,1,1,4),(0.,0.142857142857143,
0.285714285714286,0.571428571428571,0.857142857142857,0.892857142857143,
1.),.UNSPECIFIED.);
#35=B_SPLINE_CURVE_WITH_KNOTS('',3,(#2026,#2027,#2028,#2029,#2030,#2031,
#2032,#2033,#2034,#2035,#2036,#2037,#2038,#2039,#2040,#2041,#2042,#2043,
#2044,#2045,#2046),.UNSPECIFIED.,.T.,.F.,(4,1,1,1,1,1,1,1,1,1,1,1,1,1,1,
1,1,1,4),(-3.14159265358979,-2.69279370307697,-2.24399475256414,-1.79519580205131,
-1.34639685153848,-1.0471975511966,-0.747998250854713,-0.448798950512828,
-0.149599650170943,0.149599650170943,0.448798950512828,0.747998250854713,
1.0471975511966,1.34639685153848,1.64559615188037,1.94479545222225,2.24399475256414,
2.69279370307697,3.14159265358979),.UNSPECIFIED.);
#36=B_SPLINE_CURVE_WITH_KNOTS('',3,(#2093,#2094,#2095,#2096,#2097,#2098),
 .UNSPECIFIED.,.F.,.F.,(4,1,1,4),(-0.3198114825725,-0.228436773266071,-0.137062063959643,
-1.8280008297089E-17),.UNSPECIFIED.);
#37=B_SPLINE_CURVE_WITH_KNOTS('',3,(#2099,#2100,#2101,#2102,#2103,#2104),
 .UNSPECIFIED.,.F.,.F.,(4,1,1,4),(1.8280008297089E-17,0.137062063959643,
0.228436773266071,0.3198114825725),.UNSPECIFIED.);
#38=B_SPLINE_CURVE_WITH_KNOTS('',3,(#2152,#2153,#2154,#2155,#2156),
 .UNSPECIFIED.,.F.,.F.,(4,1,4),(-0.319815930466093,-0.137063970199754,0.),
 .UNSPECIFIED.);
#39=B_SPLINE_CURVE_WITH_KNOTS('',3,(#2157,#2158,#2159,#2160,#2161),
 .UNSPECIFIED.,.F.,.F.,(4,1,4),(0.,0.137063970199754,0.319815930466093),
 .UNSPECIFIED.);
#40=B_SPLINE_CURVE_WITH_KNOTS('',3,(#2215,#2216,#2217,#2218,#2219),
 .UNSPECIFIED.,.F.,.F.,(4,1,4),(-0.319811482572562,-0.182749418612894,-1.87227368392007E-15),
 .UNSPECIFIED.);
#41=B_SPLINE_CURVE_WITH_KNOTS('',3,(#2220,#2221,#2222,#2223,#2224),
 .UNSPECIFIED.,.F.,.F.,(4,1,4),(1.87227368392007E-15,0.182749418612894,
0.319811482572562),.UNSPECIFIED.);
#42=B_SPLINE_CURVE_WITH_KNOTS('',3,(#2268,#2269,#2270,#2271,#2272),
 .UNSPECIFIED.,.F.,.F.,(4,1,4),(-0.319815930469401,-0.137063970201172,0.),
 .UNSPECIFIED.);
#43=B_SPLINE_CURVE_WITH_KNOTS('',3,(#2273,#2274,#2275,#2276,#2277),
 .UNSPECIFIED.,.F.,.F.,(4,1,4),(0.,0.137063970201172,0.319815930469401),
 .UNSPECIFIED.);
#44=FACE_BOUND('',#214,.T.);
#45=FACE_BOUND('',#250,.T.);
#46=FACE_BOUND('',#257,.T.);
#47=FACE_BOUND('',#265,.T.);
#48=FACE_BOUND('',#267,.T.);
#49=FACE_BOUND('',#271,.T.);
#50=FACE_BOUND('',#272,.T.);
#51=FACE_BOUND('',#275,.T.);
#52=FACE_BOUND('',#276,.T.);
#53=STYLED_ITEM('',(#2400),#1148);
#54=STYLED_ITEM('',(#2400),#1149);
#55=STYLED_ITEM('',(#2400),#1150);
#56=STYLED_ITEM('',(#2400),#1151);
#57=STYLED_ITEM('',(#2400),#1152);
#58=STYLED_ITEM('',(#2400),#1153);
#59=STYLED_ITEM('',(#2400),#1154);
#60=STYLED_ITEM('',(#2400),#1170);
#61=STYLED_ITEM('',(#2400),#1171);
#62=STYLED_ITEM('',(#2400),#1172);
#63=STYLED_ITEM('',(#2400),#1173);
#64=STYLED_ITEM('',(#2400),#1174);
#65=STYLED_ITEM('',(#2400),#1175);
#66=STYLED_ITEM('',(#2400),#1176);
#67=STYLED_ITEM('',(#2400),#1177);
#68=STYLED_ITEM('',(#2400),#1178);
#69=STYLED_ITEM('',(#2400),#1179);
#70=STYLED_ITEM('',(#2400),#1180);
#71=STYLED_ITEM('',(#2400),#1181);
#72=STYLED_ITEM('',(#2400),#1182);
#73=STYLED_ITEM('',(#2400),#1183);
#74=STYLED_ITEM('',(#2400),#1184);
#75=STYLED_ITEM('',(#2400),#1185);
#76=STYLED_ITEM('',(#2400),#1186);
#77=STYLED_ITEM('',(#2400),#1187);
#78=STYLED_ITEM('',(#2400),#1188);
#79=STYLED_ITEM('',(#2400),#1189);
#80=STYLED_ITEM('',(#2400),#1190);
#81=STYLED_ITEM('',(#2400),#1191);
#82=STYLED_ITEM('',(#2400),#1192);
#83=STYLED_ITEM('',(#2400),#1193);
#84=STYLED_ITEM('',(#2400),#1194);
#85=STYLED_ITEM('',(#2400),#1195);
#86=STYLED_ITEM('',(#2399),#13);
#87=PLANE('',#1228);
#88=PLANE('',#1232);
#89=PLANE('',#1236);
#90=PLANE('',#1240);
#91=PLANE('',#1241);
#92=PLANE('',#1242);
#93=PLANE('',#1243);
#94=PLANE('',#1244);
#95=PLANE('',#1245);
#96=PLANE('',#1246);
#97=PLANE('',#1247);
#98=PLANE('',#1248);
#99=PLANE('',#1249);
#100=PLANE('',#1250);
#101=PLANE('',#1251);
#102=PLANE('',#1252);
#103=PLANE('',#1255);
#104=PLANE('',#1256);
#105=PLANE('',#1257);
#106=PLANE('',#1258);
#107=PLANE('',#1259);
#108=PLANE('',#1260);
#109=PLANE('',#1273);
#110=PLANE('',#1280);
#111=PLANE('',#1294);
#112=PLANE('',#1295);
#113=PLANE('',#1296);
#114=PLANE('',#1300);
#115=PLANE('',#1305);
#116=PLANE('',#1313);
#117=PLANE('',#1322);
#118=PLANE('',#1323);
#119=PLANE('',#1324);
#120=PLANE('',#1325);
#121=PLANE('',#1326);
#122=PLANE('',#1327);
#123=PLANE('',#1328);
#124=PLANE('',#1329);
#125=PLANE('',#1330);
#126=PLANE('',#1331);
#127=PLANE('',#1332);
#128=FACE_OUTER_BOUND('',#199,.T.);
#129=FACE_OUTER_BOUND('',#200,.T.);
#130=FACE_OUTER_BOUND('',#201,.T.);
#131=FACE_OUTER_BOUND('',#202,.T.);
#132=FACE_OUTER_BOUND('',#203,.T.);
#133=FACE_OUTER_BOUND('',#204,.T.);
#134=FACE_OUTER_BOUND('',#205,.T.);
#135=FACE_OUTER_BOUND('',#206,.T.);
#136=FACE_OUTER_BOUND('',#207,.T.);
#137=FACE_OUTER_BOUND('',#208,.T.);
#138=FACE_OUTER_BOUND('',#209,.T.);
#139=FACE_OUTER_BOUND('',#210,.T.);
#140=FACE_OUTER_BOUND('',#211,.T.);
#141=FACE_OUTER_BOUND('',#212,.T.);
#142=FACE_OUTER_BOUND('',#213,.T.);
#143=FACE_OUTER_BOUND('',#215,.T.);
#144=FACE_OUTER_BOUND('',#216,.T.);
#145=FACE_OUTER_BOUND('',#217,.T.);
#146=FACE_OUTER_BOUND('',#218,.T.);
#147=FACE_OUTER_BOUND('',#219,.T.);
#148=FACE_OUTER_BOUND('',#220,.T.);
#149=FACE_OUTER_BOUND('',#221,.T.);
#150=FACE_OUTER_BOUND('',#222,.T.);
#151=FACE_OUTER_BOUND('',#223,.T.);
#152=FACE_OUTER_BOUND('',#224,.T.);
#153=FACE_OUTER_BOUND('',#225,.T.);
#154=FACE_OUTER_BOUND('',#226,.T.);
#155=FACE_OUTER_BOUND('',#227,.T.);
#156=FACE_OUTER_BOUND('',#228,.T.);
#157=FACE_OUTER_BOUND('',#229,.T.);
#158=FACE_OUTER_BOUND('',#230,.T.);
#159=FACE_OUTER_BOUND('',#231,.T.);
#160=FACE_OUTER_BOUND('',#232,.T.);
#161=FACE_OUTER_BOUND('',#233,.T.);
#162=FACE_OUTER_BOUND('',#234,.T.);
#163=FACE_OUTER_BOUND('',#235,.T.);
#164=FACE_OUTER_BOUND('',#236,.T.);
#165=FACE_OUTER_BOUND('',#237,.T.);
#166=FACE_OUTER_BOUND('',#238,.T.);
#167=FACE_OUTER_BOUND('',#239,.T.);
#168=FACE_OUTER_BOUND('',#240,.T.);
#169=FACE_OUTER_BOUND('',#241,.T.);
#170=FACE_OUTER_BOUND('',#242,.T.);
#171=FACE_OUTER_BOUND('',#243,.T.);
#172=FACE_OUTER_BOUND('',#244,.T.);
#173=FACE_OUTER_BOUND('',#245,.T.);
#174=FACE_OUTER_BOUND('',#246,.T.);
#175=FACE_OUTER_BOUND('',#247,.T.);
#176=FACE_OUTER_BOUND('',#248,.T.);
#177=FACE_OUTER_BOUND('',#249,.T.);
#178=FACE_OUTER_BOUND('',#251,.T.);
#179=FACE_OUTER_BOUND('',#252,.T.);
#180=FACE_OUTER_BOUND('',#253,.T.);
#181=FACE_OUTER_BOUND('',#254,.T.);
#182=FACE_OUTER_BOUND('',#255,.T.);
#183=FACE_OUTER_BOUND('',#256,.T.);
#184=FACE_OUTER_BOUND('',#258,.T.);
#185=FACE_OUTER_BOUND('',#259,.T.);
#186=FACE_OUTER_BOUND('',#260,.T.);
#187=FACE_OUTER_BOUND('',#261,.T.);
#188=FACE_OUTER_BOUND('',#262,.T.);
#189=FACE_OUTER_BOUND('',#263,.T.);
#190=FACE_OUTER_BOUND('',#264,.T.);
#191=FACE_OUTER_BOUND('',#266,.T.);
#192=FACE_OUTER_BOUND('',#268,.T.);
#193=FACE_OUTER_BOUND('',#269,.T.);
#194=FACE_OUTER_BOUND('',#270,.T.);
#195=FACE_OUTER_BOUND('',#273,.T.);
#196=FACE_OUTER_BOUND('',#274,.T.);
#197=FACE_OUTER_BOUND('',#277,.T.);
#198=FACE_OUTER_BOUND('',#278,.T.);
#199=EDGE_LOOP('',(#793,#794,#795,#796));
#200=EDGE_LOOP('',(#797));
#201=EDGE_LOOP('',(#798,#799,#800,#801));
#202=EDGE_LOOP('',(#802));
#203=EDGE_LOOP('',(#803,#804,#805,#806));
#204=EDGE_LOOP('',(#807));
#205=EDGE_LOOP('',(#808,#809,#810,#811));
#206=EDGE_LOOP('',(#812));
#207=EDGE_LOOP('',(#813,#814,#815,#816));
#208=EDGE_LOOP('',(#817,#818,#819,#820));
#209=EDGE_LOOP('',(#821,#822,#823,#824));
#210=EDGE_LOOP('',(#825,#826,#827,#828));
#211=EDGE_LOOP('',(#829,#830,#831,#832));
#212=EDGE_LOOP('',(#833,#834,#835,#836));
#213=EDGE_LOOP('',(#837,#838,#839,#840,#841,#842));
#214=EDGE_LOOP('',(#843,#844,#845,#846));
#215=EDGE_LOOP('',(#847,#848,#849,#850,#851,#852,#853,#854));
#216=EDGE_LOOP('',(#855,#856,#857,#858,#859,#860,#861,#862));
#217=EDGE_LOOP('',(#863,#864,#865,#866));
#218=EDGE_LOOP('',(#867,#868,#869,#870));
#219=EDGE_LOOP('',(#871,#872,#873,#874));
#220=EDGE_LOOP('',(#875,#876,#877,#878));
#221=EDGE_LOOP('',(#879,#880,#881,#882));
#222=EDGE_LOOP('',(#883,#884,#885,#886,#887));
#223=EDGE_LOOP('',(#888,#889,#890,#891));
#224=EDGE_LOOP('',(#892,#893,#894,#895,#896));
#225=EDGE_LOOP('',(#897,#898,#899,#900));
#226=EDGE_LOOP('',(#901,#902,#903,#904,#905,#906,#907,#908));
#227=EDGE_LOOP('',(#909,#910,#911,#912,#913));
#228=EDGE_LOOP('',(#914,#915,#916,#917,#918,#919,#920,#921));
#229=EDGE_LOOP('',(#922,#923,#924,#925));
#230=EDGE_LOOP('',(#926,#927,#928,#929));
#231=EDGE_LOOP('',(#930,#931,#932,#933));
#232=EDGE_LOOP('',(#934,#935,#936,#937));
#233=EDGE_LOOP('',(#938,#939,#940,#941,#942));
#234=EDGE_LOOP('',(#943,#944,#945,#946));
#235=EDGE_LOOP('',(#947,#948,#949,#950));
#236=EDGE_LOOP('',(#951,#952,#953,#954));
#237=EDGE_LOOP('',(#955,#956,#957,#958,#959));
#238=EDGE_LOOP('',(#960,#961,#962,#963));
#239=EDGE_LOOP('',(#964,#965,#966,#967));
#240=EDGE_LOOP('',(#968,#969,#970,#971));
#241=EDGE_LOOP('',(#972,#973,#974,#975));
#242=EDGE_LOOP('',(#976,#977,#978,#979));
#243=EDGE_LOOP('',(#980,#981,#982,#983));
#244=EDGE_LOOP('',(#984,#985,#986,#987));
#245=EDGE_LOOP('',(#988,#989,#990,#991,#992));
#246=EDGE_LOOP('',(#993,#994,#995,#996));
#247=EDGE_LOOP('',(#997,#998,#999,#1000,#1001));
#248=EDGE_LOOP('',(#1002,#1003,#1004,#1005));
#249=EDGE_LOOP('',(#1006));
#250=EDGE_LOOP('',(#1007,#1008,#1009,#1010,#1011,#1012,#1013,#1014));
#251=EDGE_LOOP('',(#1015,#1016,#1017,#1018));
#252=EDGE_LOOP('',(#1019,#1020,#1021,#1022,#1023,#1024));
#253=EDGE_LOOP('',(#1025,#1026,#1027,#1028));
#254=EDGE_LOOP('',(#1029,#1030,#1031,#1032));
#255=EDGE_LOOP('',(#1033,#1034,#1035,#1036));
#256=EDGE_LOOP('',(#1037,#1038,#1039,#1040,#1041,#1042,#1043,#1044,#1045,
#1046,#1047,#1048));
#257=EDGE_LOOP('',(#1049));
#258=EDGE_LOOP('',(#1050,#1051,#1052,#1053));
#259=EDGE_LOOP('',(#1054,#1055,#1056,#1057));
#260=EDGE_LOOP('',(#1058,#1059,#1060,#1061));
#261=EDGE_LOOP('',(#1062,#1063,#1064,#1065));
#262=EDGE_LOOP('',(#1066,#1067,#1068,#1069));
#263=EDGE_LOOP('',(#1070,#1071,#1072,#1073));
#264=EDGE_LOOP('',(#1074,#1075,#1076,#1077));
#265=EDGE_LOOP('',(#1078));
#266=EDGE_LOOP('',(#1079,#1080,#1081,#1082));
#267=EDGE_LOOP('',(#1083,#1084,#1085,#1086));
#268=EDGE_LOOP('',(#1087,#1088,#1089,#1090));
#269=EDGE_LOOP('',(#1091,#1092,#1093,#1094));
#270=EDGE_LOOP('',(#1095,#1096,#1097,#1098));
#271=EDGE_LOOP('',(#1099));
#272=EDGE_LOOP('',(#1100));
#273=EDGE_LOOP('',(#1101,#1102,#1103,#1104));
#274=EDGE_LOOP('',(#1105,#1106,#1107,#1108));
#275=EDGE_LOOP('',(#1109));
#276=EDGE_LOOP('',(#1110));
#277=EDGE_LOOP('',(#1111,#1112,#1113,#1114));
#278=EDGE_LOOP('',(#1115,#1116,#1117,#1118));
#279=LINE('',#1662,#385);
#280=LINE('',#1669,#386);
#281=LINE('',#1676,#387);
#282=LINE('',#1683,#388);
#283=LINE('',#1689,#389);
#284=LINE('',#1691,#390);
#285=LINE('',#1693,#391);
#286=LINE('',#1694,#392);
#287=LINE('',#1698,#393);
#288=LINE('',#1700,#394);
#289=LINE('',#1702,#395);
#290=LINE('',#1703,#396);
#291=LINE('',#1706,#397);
#292=LINE('',#1708,#398);
#293=LINE('',#1709,#399);
#294=LINE('',#1712,#400);
#295=LINE('',#1714,#401);
#296=LINE('',#1715,#402);
#297=LINE('',#1717,#403);
#298=LINE('',#1718,#404);
#299=LINE('',#1722,#405);
#300=LINE('',#1724,#406);
#301=LINE('',#1726,#407);
#302=LINE('',#1727,#408);
#303=LINE('',#1730,#409);
#304=LINE('',#1732,#410);
#305=LINE('',#1733,#411);
#306=LINE('',#1734,#412);
#307=LINE('',#1737,#413);
#308=LINE('',#1739,#414);
#309=LINE('',#1757,#415);
#310=LINE('',#1758,#416);
#311=LINE('',#1761,#417);
#312=LINE('',#1763,#418);
#313=LINE('',#1781,#419);
#314=LINE('',#1782,#420);
#315=LINE('',#1785,#421);
#316=LINE('',#1786,#422);
#317=LINE('',#1789,#423);
#318=LINE('',#1791,#424);
#319=LINE('',#1792,#425);
#320=LINE('',#1808,#426);
#321=LINE('',#1809,#427);
#322=LINE('',#1812,#428);
#323=LINE('',#1813,#429);
#324=LINE('',#1816,#430);
#325=LINE('',#1817,#431);
#326=LINE('',#1819,#432);
#327=LINE('',#2049,#433);
#328=LINE('',#2056,#434);
#329=LINE('',#2059,#435);
#330=LINE('',#2109,#436);
#331=LINE('',#2110,#437);
#332=LINE('',#2113,#438);
#333=LINE('',#2114,#439);
#334=LINE('',#2120,#440);
#335=LINE('',#2123,#441);
#336=LINE('',#2166,#442);
#337=LINE('',#2167,#443);
#338=LINE('',#2170,#444);
#339=LINE('',#2171,#445);
#340=LINE('',#2175,#446);
#341=LINE('',#2179,#447);
#342=LINE('',#2183,#448);
#343=LINE('',#2186,#449);
#344=LINE('',#2229,#450);
#345=LINE('',#2230,#451);
#346=LINE('',#2236,#452);
#347=LINE('',#2239,#453);
#348=LINE('',#2279,#454);
#349=LINE('',#2280,#455);
#350=LINE('',#2283,#456);
#351=LINE('',#2284,#457);
#352=LINE('',#2287,#458);
#353=LINE('',#2288,#459);
#354=LINE('',#2290,#460);
#355=LINE('',#2298,#461);
#356=LINE('',#2302,#462);
#357=LINE('',#2315,#463);
#358=LINE('',#2319,#464);
#359=LINE('',#2323,#465);
#360=LINE('',#2326,#466);
#361=LINE('',#2329,#467);
#362=LINE('',#2332,#468);
#363=LINE('',#2334,#469);
#364=LINE('',#2335,#470);
#365=LINE('',#2338,#471);
#366=LINE('',#2340,#472);
#367=LINE('',#2341,#473);
#368=LINE('',#2344,#474);
#369=LINE('',#2345,#475);
#370=LINE('',#2349,#476);
#371=LINE('',#2350,#477);
#372=LINE('',#2353,#478);
#373=LINE('',#2355,#479);
#374=LINE('',#2357,#480);
#375=LINE('',#2358,#481);
#376=LINE('',#2360,#482);
#377=LINE('',#2364,#483);
#378=LINE('',#2366,#484);
#379=LINE('',#2367,#485);
#380=LINE('',#2370,#486);
#381=LINE('',#2371,#487);
#382=LINE('',#2374,#488);
#383=LINE('',#2375,#489);
#384=LINE('',#2377,#490);
#385=VECTOR('',#1339,2.25);
#386=VECTOR('',#1348,2.25);
#387=VECTOR('',#1357,2.25);
#388=VECTOR('',#1366,2.25);
#389=VECTOR('',#1373,10.);
#390=VECTOR('',#1374,10.);
#391=VECTOR('',#1375,10.);
#392=VECTOR('',#1376,10.);
#393=VECTOR('',#1379,10.);
#394=VECTOR('',#1380,10.);
#395=VECTOR('',#1381,10.);
#396=VECTOR('',#1382,10.);
#397=VECTOR('',#1385,10.);
#398=VECTOR('',#1386,10.);
#399=VECTOR('',#1387,10.);
#400=VECTOR('',#1390,10.);
#401=VECTOR('',#1391,10.);
#402=VECTOR('',#1392,10.);
#403=VECTOR('',#1395,10.);
#404=VECTOR('',#1396,10.);
#405=VECTOR('',#1399,10.);
#406=VECTOR('',#1400,10.);
#407=VECTOR('',#1401,10.);
#408=VECTOR('',#1402,10.);
#409=VECTOR('',#1405,10.);
#410=VECTOR('',#1406,10.);
#411=VECTOR('',#1407,10.);
#412=VECTOR('',#1408,10.);
#413=VECTOR('',#1411,10.);
#414=VECTOR('',#1412,10.);
#415=VECTOR('',#1413,10.);
#416=VECTOR('',#1414,10.);
#417=VECTOR('',#1417,10.);
#418=VECTOR('',#1418,10.);
#419=VECTOR('',#1419,10.);
#420=VECTOR('',#1420,10.);
#421=VECTOR('',#1423,10.);
#422=VECTOR('',#1424,10.);
#423=VECTOR('',#1427,10.);
#424=VECTOR('',#1428,10.);
#425=VECTOR('',#1429,10.);
#426=VECTOR('',#1438,10.);
#427=VECTOR('',#1439,10.);
#428=VECTOR('',#1442,10.);
#429=VECTOR('',#1443,10.);
#430=VECTOR('',#1446,10.);
#431=VECTOR('',#1447,10.);
#432=VECTOR('',#1450,10.);
#433=VECTOR('',#1465,37.5);
#434=VECTOR('',#1472,10.);
#435=VECTOR('',#1475,10.);
#436=VECTOR('',#1482,10.);
#437=VECTOR('',#1483,10.);
#438=VECTOR('',#1486,10.);
#439=VECTOR('',#1487,10.);
#440=VECTOR('',#1492,10.);
#441=VECTOR('',#1495,10.);
#442=VECTOR('',#1502,10.);
#443=VECTOR('',#1503,10.);
#444=VECTOR('',#1506,10.);
#445=VECTOR('',#1507,10.);
#446=VECTOR('',#1510,10.);
#447=VECTOR('',#1513,10.);
#448=VECTOR('',#1518,10.);
#449=VECTOR('',#1521,10.);
#450=VECTOR('',#1528,10.);
#451=VECTOR('',#1529,10.);
#452=VECTOR('',#1534,10.);
#453=VECTOR('',#1537,10.);
#454=VECTOR('',#1542,10.);
#455=VECTOR('',#1543,10.);
#456=VECTOR('',#1546,10.);
#457=VECTOR('',#1547,10.);
#458=VECTOR('',#1550,10.);
#459=VECTOR('',#1551,10.);
#460=VECTOR('',#1554,10.);
#461=VECTOR('',#1567,10.);
#462=VECTOR('',#1574,10.);
#463=VECTOR('',#1593,10.);
#464=VECTOR('',#1596,10.);
#465=VECTOR('',#1601,10.);
#466=VECTOR('',#1604,10.);
#467=VECTOR('',#1607,10.);
#468=VECTOR('',#1610,10.);
#469=VECTOR('',#1613,10.);
#470=VECTOR('',#1614,10.);
#471=VECTOR('',#1617,10.);
#472=VECTOR('',#1618,10.);
#473=VECTOR('',#1619,10.);
#474=VECTOR('',#1622,10.);
#475=VECTOR('',#1623,10.);
#476=VECTOR('',#1628,10.);
#477=VECTOR('',#1629,10.);
#478=VECTOR('',#1630,10.);
#479=VECTOR('',#1631,10.);
#480=VECTOR('',#1632,10.);
#481=VECTOR('',#1633,10.);
#482=VECTOR('',#1636,10.);
#483=VECTOR('',#1641,10.);
#484=VECTOR('',#1642,10.);
#485=VECTOR('',#1643,10.);
#486=VECTOR('',#1646,10.);
#487=VECTOR('',#1647,10.);
#488=VECTOR('',#1650,10.);
#489=VECTOR('',#1651,10.);
#490=VECTOR('',#1654,10.);
#491=CIRCLE('',#1226,2.25);
#492=CIRCLE('',#1227,2.25);
#493=CIRCLE('',#1230,2.25);
#494=CIRCLE('',#1231,2.25);
#495=CIRCLE('',#1234,2.25);
#496=CIRCLE('',#1235,2.25);
#497=CIRCLE('',#1238,2.25);
#498=CIRCLE('',#1239,2.25);
#499=CIRCLE('',#1253,29.732137494637);
#500=CIRCLE('',#1261,18.);
#501=CIRCLE('',#1263,19.);
#502=CIRCLE('',#1264,19.);
#503=CIRCLE('',#1266,37.5);
#504=CIRCLE('',#1268,1.);
#505=CIRCLE('',#1269,1.);
#506=CIRCLE('',#1270,1.);
#507=CIRCLE('',#1272,1.);
#508=CIRCLE('',#1275,1.);
#509=CIRCLE('',#1276,1.);
#510=CIRCLE('',#1277,1.);
#511=CIRCLE('',#1279,1.);
#512=CIRCLE('',#1285,1.);
#513=CIRCLE('',#1286,1.);
#514=CIRCLE('',#1288,1.);
#515=CIRCLE('',#1290,1.);
#516=CIRCLE('',#1291,1.);
#517=CIRCLE('',#1292,1.);
#518=CIRCLE('',#1298,40.);
#519=CIRCLE('',#1299,43.);
#520=CIRCLE('',#1301,49.);
#521=CIRCLE('',#1302,43.);
#522=CIRCLE('',#1304,40.);
#523=CIRCLE('',#1307,40.);
#524=CIRCLE('',#1309,1.);
#525=CIRCLE('',#1310,50.);
#526=CIRCLE('',#1312,40.);
#527=VERTEX_POINT('',#1659);
#528=VERTEX_POINT('',#1661);
#529=VERTEX_POINT('',#1666);
#530=VERTEX_POINT('',#1668);
#531=VERTEX_POINT('',#1673);
#532=VERTEX_POINT('',#1675);
#533=VERTEX_POINT('',#1680);
#534=VERTEX_POINT('',#1682);
#535=VERTEX_POINT('',#1687);
#536=VERTEX_POINT('',#1688);
#537=VERTEX_POINT('',#1690);
#538=VERTEX_POINT('',#1692);
#539=VERTEX_POINT('',#1696);
#540=VERTEX_POINT('',#1697);
#541=VERTEX_POINT('',#1699);
#542=VERTEX_POINT('',#1701);
#543=VERTEX_POINT('',#1705);
#544=VERTEX_POINT('',#1707);
#545=VERTEX_POINT('',#1711);
#546=VERTEX_POINT('',#1713);
#547=VERTEX_POINT('',#1720);
#548=VERTEX_POINT('',#1721);
#549=VERTEX_POINT('',#1723);
#550=VERTEX_POINT('',#1725);
#551=VERTEX_POINT('',#1729);
#552=VERTEX_POINT('',#1731);
#553=VERTEX_POINT('',#1736);
#554=VERTEX_POINT('',#1738);
#555=VERTEX_POINT('',#1740);
#556=VERTEX_POINT('',#1745);
#557=VERTEX_POINT('',#1756);
#558=VERTEX_POINT('',#1760);
#559=VERTEX_POINT('',#1762);
#560=VERTEX_POINT('',#1764);
#561=VERTEX_POINT('',#1775);
#562=VERTEX_POINT('',#1780);
#563=VERTEX_POINT('',#1784);
#564=VERTEX_POINT('',#1788);
#565=VERTEX_POINT('',#1790);
#566=VERTEX_POINT('',#1807);
#567=VERTEX_POINT('',#1811);
#568=VERTEX_POINT('',#1815);
#569=VERTEX_POINT('',#1824);
#570=VERTEX_POINT('',#2016);
#571=VERTEX_POINT('',#2048);
#572=VERTEX_POINT('',#2052);
#573=VERTEX_POINT('',#2053);
#574=VERTEX_POINT('',#2055);
#575=VERTEX_POINT('',#2057);
#576=VERTEX_POINT('',#2090);
#577=VERTEX_POINT('',#2091);
#578=VERTEX_POINT('',#2106);
#579=VERTEX_POINT('',#2107);
#580=VERTEX_POINT('',#2112);
#581=VERTEX_POINT('',#2116);
#582=VERTEX_POINT('',#2117);
#583=VERTEX_POINT('',#2119);
#584=VERTEX_POINT('',#2121);
#585=VERTEX_POINT('',#2149);
#586=VERTEX_POINT('',#2150);
#587=VERTEX_POINT('',#2163);
#588=VERTEX_POINT('',#2164);
#589=VERTEX_POINT('',#2169);
#590=VERTEX_POINT('',#2173);
#591=VERTEX_POINT('',#2174);
#592=VERTEX_POINT('',#2176);
#593=VERTEX_POINT('',#2178);
#594=VERTEX_POINT('',#2182);
#595=VERTEX_POINT('',#2184);
#596=VERTEX_POINT('',#2212);
#597=VERTEX_POINT('',#2213);
#598=VERTEX_POINT('',#2226);
#599=VERTEX_POINT('',#2227);
#600=VERTEX_POINT('',#2232);
#601=VERTEX_POINT('',#2233);
#602=VERTEX_POINT('',#2235);
#603=VERTEX_POINT('',#2237);
#604=VERTEX_POINT('',#2265);
#605=VERTEX_POINT('',#2266);
#606=VERTEX_POINT('',#2282);
#607=VERTEX_POINT('',#2286);
#608=VERTEX_POINT('',#2295);
#609=VERTEX_POINT('',#2306);
#610=VERTEX_POINT('',#2313);
#611=VERTEX_POINT('',#2314);
#612=VERTEX_POINT('',#2316);
#613=VERTEX_POINT('',#2318);
#614=VERTEX_POINT('',#2322);
#615=VERTEX_POINT('',#2324);
#616=VERTEX_POINT('',#2328);
#617=VERTEX_POINT('',#2330);
#618=VERTEX_POINT('',#2337);
#619=VERTEX_POINT('',#2339);
#620=VERTEX_POINT('',#2343);
#621=VERTEX_POINT('',#2348);
#622=VERTEX_POINT('',#2351);
#623=VERTEX_POINT('',#2352);
#624=VERTEX_POINT('',#2354);
#625=VERTEX_POINT('',#2356);
#626=VERTEX_POINT('',#2363);
#627=VERTEX_POINT('',#2365);
#628=VERTEX_POINT('',#2369);
#629=VERTEX_POINT('',#2373);
#630=EDGE_CURVE('',#527,#527,#491,.T.);
#631=EDGE_CURVE('',#527,#528,#279,.T.);
#632=EDGE_CURVE('',#528,#528,#492,.T.);
#633=EDGE_CURVE('',#529,#529,#493,.T.);
#634=EDGE_CURVE('',#529,#530,#280,.T.);
#635=EDGE_CURVE('',#530,#530,#494,.T.);
#636=EDGE_CURVE('',#531,#531,#495,.T.);
#637=EDGE_CURVE('',#531,#532,#281,.T.);
#638=EDGE_CURVE('',#532,#532,#496,.T.);
#639=EDGE_CURVE('',#533,#533,#497,.T.);
#640=EDGE_CURVE('',#533,#534,#282,.T.);
#641=EDGE_CURVE('',#534,#534,#498,.T.);
#642=EDGE_CURVE('',#535,#536,#283,.T.);
#643=EDGE_CURVE('',#537,#536,#284,.T.);
#644=EDGE_CURVE('',#538,#537,#285,.T.);
#645=EDGE_CURVE('',#535,#538,#286,.T.);
#646=EDGE_CURVE('',#539,#540,#287,.T.);
#647=EDGE_CURVE('',#539,#541,#288,.T.);
#648=EDGE_CURVE('',#542,#541,#289,.T.);
#649=EDGE_CURVE('',#540,#542,#290,.T.);
#650=EDGE_CURVE('',#540,#543,#291,.T.);
#651=EDGE_CURVE('',#544,#542,#292,.T.);
#652=EDGE_CURVE('',#543,#544,#293,.T.);
#653=EDGE_CURVE('',#543,#545,#294,.T.);
#654=EDGE_CURVE('',#546,#544,#295,.T.);
#655=EDGE_CURVE('',#545,#546,#296,.T.);
#656=EDGE_CURVE('',#545,#539,#297,.T.);
#657=EDGE_CURVE('',#541,#546,#298,.T.);
#658=EDGE_CURVE('',#547,#548,#299,.T.);
#659=EDGE_CURVE('',#549,#547,#300,.T.);
#660=EDGE_CURVE('',#550,#549,#301,.T.);
#661=EDGE_CURVE('',#548,#550,#302,.T.);
#662=EDGE_CURVE('',#535,#551,#303,.T.);
#663=EDGE_CURVE('',#552,#538,#304,.T.);
#664=EDGE_CURVE('',#550,#552,#305,.T.);
#665=EDGE_CURVE('',#551,#549,#306,.T.);
#666=EDGE_CURVE('',#547,#553,#307,.T.);
#667=EDGE_CURVE('',#554,#553,#308,.T.);
#668=EDGE_CURVE('',#555,#554,#29,.T.);
#669=EDGE_CURVE('',#556,#555,#30,.T.);
#670=EDGE_CURVE('',#557,#556,#309,.T.);
#671=EDGE_CURVE('',#557,#551,#310,.T.);
#672=EDGE_CURVE('',#558,#552,#311,.T.);
#673=EDGE_CURVE('',#559,#558,#312,.T.);
#674=EDGE_CURVE('',#560,#559,#31,.T.);
#675=EDGE_CURVE('',#561,#560,#32,.T.);
#676=EDGE_CURVE('',#561,#562,#313,.T.);
#677=EDGE_CURVE('',#562,#548,#314,.T.);
#678=EDGE_CURVE('',#563,#538,#315,.T.);
#679=EDGE_CURVE('',#558,#563,#316,.T.);
#680=EDGE_CURVE('',#564,#536,#317,.T.);
#681=EDGE_CURVE('',#565,#564,#318,.T.);
#682=EDGE_CURVE('',#537,#565,#319,.T.);
#683=EDGE_CURVE('',#553,#562,#499,.T.);
#684=EDGE_CURVE('',#554,#561,#33,.T.);
#685=EDGE_CURVE('',#566,#557,#320,.T.);
#686=EDGE_CURVE('',#566,#535,#321,.T.);
#687=EDGE_CURVE('',#567,#566,#322,.T.);
#688=EDGE_CURVE('',#567,#564,#323,.T.);
#689=EDGE_CURVE('',#568,#567,#324,.T.);
#690=EDGE_CURVE('',#568,#565,#325,.T.);
#691=EDGE_CURVE('',#563,#568,#326,.T.);
#692=EDGE_CURVE('',#559,#556,#500,.T.);
#693=EDGE_CURVE('',#569,#555,#501,.T.);
#694=EDGE_CURVE('',#560,#569,#502,.T.);
#695=EDGE_CURVE('',#569,#570,#34,.T.);
#696=EDGE_CURVE('',#570,#570,#35,.T.);
#697=EDGE_CURVE('',#570,#571,#327,.T.);
#698=EDGE_CURVE('',#571,#571,#503,.T.);
#699=EDGE_CURVE('',#572,#573,#504,.T.);
#700=EDGE_CURVE('',#573,#574,#328,.T.);
#701=EDGE_CURVE('',#574,#575,#505,.F.);
#702=EDGE_CURVE('',#575,#572,#329,.T.);
#703=EDGE_CURVE('',#576,#577,#506,.T.);
#704=EDGE_CURVE('',#577,#573,#36,.T.);
#705=EDGE_CURVE('',#572,#576,#37,.T.);
#706=EDGE_CURVE('',#578,#579,#507,.F.);
#707=EDGE_CURVE('',#579,#577,#330,.T.);
#708=EDGE_CURVE('',#576,#578,#331,.T.);
#709=EDGE_CURVE('',#575,#580,#332,.T.);
#710=EDGE_CURVE('',#578,#580,#333,.T.);
#711=EDGE_CURVE('',#581,#582,#508,.T.);
#712=EDGE_CURVE('',#582,#583,#334,.T.);
#713=EDGE_CURVE('',#583,#584,#509,.F.);
#714=EDGE_CURVE('',#584,#581,#335,.T.);
#715=EDGE_CURVE('',#585,#586,#510,.T.);
#716=EDGE_CURVE('',#586,#582,#38,.T.);
#717=EDGE_CURVE('',#581,#585,#39,.T.);
#718=EDGE_CURVE('',#587,#588,#511,.F.);
#719=EDGE_CURVE('',#588,#586,#336,.T.);
#720=EDGE_CURVE('',#585,#587,#337,.T.);
#721=EDGE_CURVE('',#589,#584,#338,.T.);
#722=EDGE_CURVE('',#587,#589,#339,.T.);
#723=EDGE_CURVE('',#590,#591,#340,.T.);
#724=EDGE_CURVE('',#591,#592,#14,.T.);
#725=EDGE_CURVE('',#592,#593,#341,.T.);
#726=EDGE_CURVE('',#593,#590,#15,.T.);
#727=EDGE_CURVE('',#591,#594,#342,.T.);
#728=EDGE_CURVE('',#594,#595,#512,.T.);
#729=EDGE_CURVE('',#595,#592,#343,.T.);
#730=EDGE_CURVE('',#596,#597,#513,.T.);
#731=EDGE_CURVE('',#597,#595,#40,.T.);
#732=EDGE_CURVE('',#594,#596,#41,.T.);
#733=EDGE_CURVE('',#598,#599,#514,.F.);
#734=EDGE_CURVE('',#599,#597,#344,.T.);
#735=EDGE_CURVE('',#596,#598,#345,.T.);
#736=EDGE_CURVE('',#600,#601,#515,.T.);
#737=EDGE_CURVE('',#601,#602,#346,.T.);
#738=EDGE_CURVE('',#602,#603,#516,.F.);
#739=EDGE_CURVE('',#603,#600,#347,.T.);
#740=EDGE_CURVE('',#604,#605,#517,.T.);
#741=EDGE_CURVE('',#605,#601,#42,.T.);
#742=EDGE_CURVE('',#600,#604,#43,.T.);
#743=EDGE_CURVE('',#593,#605,#348,.T.);
#744=EDGE_CURVE('',#604,#590,#349,.T.);
#745=EDGE_CURVE('',#591,#606,#350,.T.);
#746=EDGE_CURVE('',#606,#598,#351,.T.);
#747=EDGE_CURVE('',#590,#607,#352,.T.);
#748=EDGE_CURVE('',#607,#606,#353,.T.);
#749=EDGE_CURVE('',#603,#607,#354,.T.);
#750=EDGE_CURVE('',#577,#601,#518,.T.);
#751=EDGE_CURVE('',#605,#573,#519,.T.);
#752=EDGE_CURVE('',#608,#608,#520,.T.);
#753=EDGE_CURVE('',#586,#595,#521,.T.);
#754=EDGE_CURVE('',#588,#574,#355,.T.);
#755=EDGE_CURVE('',#597,#582,#522,.T.);
#756=EDGE_CURVE('',#580,#589,#356,.T.);
#757=EDGE_CURVE('',#599,#583,#523,.T.);
#758=EDGE_CURVE('',#608,#609,#524,.T.);
#759=EDGE_CURVE('',#609,#609,#525,.T.);
#760=EDGE_CURVE('',#579,#602,#526,.T.);
#761=EDGE_CURVE('',#610,#611,#357,.T.);
#762=EDGE_CURVE('',#611,#612,#16,.T.);
#763=EDGE_CURVE('',#612,#613,#358,.T.);
#764=EDGE_CURVE('',#610,#613,#17,.T.);
#765=EDGE_CURVE('',#611,#614,#359,.T.);
#766=EDGE_CURVE('',#614,#615,#18,.T.);
#767=EDGE_CURVE('',#615,#612,#360,.T.);
#768=EDGE_CURVE('',#614,#616,#361,.T.);
#769=EDGE_CURVE('',#616,#617,#19,.T.);
#770=EDGE_CURVE('',#617,#615,#362,.T.);
#771=EDGE_CURVE('',#613,#617,#363,.T.);
#772=EDGE_CURVE('',#616,#610,#364,.T.);
#773=EDGE_CURVE('',#618,#613,#365,.T.);
#774=EDGE_CURVE('',#618,#619,#366,.T.);
#775=EDGE_CURVE('',#619,#617,#367,.T.);
#776=EDGE_CURVE('',#620,#612,#368,.T.);
#777=EDGE_CURVE('',#620,#618,#369,.T.);
#778=EDGE_CURVE('',#619,#621,#370,.T.);
#779=EDGE_CURVE('',#621,#620,#371,.T.);
#780=EDGE_CURVE('',#622,#623,#372,.T.);
#781=EDGE_CURVE('',#624,#622,#373,.T.);
#782=EDGE_CURVE('',#625,#624,#374,.T.);
#783=EDGE_CURVE('',#623,#625,#375,.T.);
#784=EDGE_CURVE('',#621,#615,#376,.T.);
#785=EDGE_CURVE('',#623,#626,#377,.T.);
#786=EDGE_CURVE('',#627,#626,#378,.T.);
#787=EDGE_CURVE('',#622,#627,#379,.T.);
#788=EDGE_CURVE('',#628,#627,#380,.T.);
#789=EDGE_CURVE('',#624,#628,#381,.T.);
#790=EDGE_CURVE('',#629,#628,#382,.T.);
#791=EDGE_CURVE('',#625,#629,#383,.T.);
#792=EDGE_CURVE('',#626,#629,#384,.T.);
#793=ORIENTED_EDGE('',*,*,#630,.F.);
#794=ORIENTED_EDGE('',*,*,#631,.T.);
#795=ORIENTED_EDGE('',*,*,#632,.F.);
#796=ORIENTED_EDGE('',*,*,#631,.F.);
#797=ORIENTED_EDGE('',*,*,#632,.T.);
#798=ORIENTED_EDGE('',*,*,#633,.F.);
#799=ORIENTED_EDGE('',*,*,#634,.T.);
#800=ORIENTED_EDGE('',*,*,#635,.F.);
#801=ORIENTED_EDGE('',*,*,#634,.F.);
#802=ORIENTED_EDGE('',*,*,#635,.T.);
#803=ORIENTED_EDGE('',*,*,#636,.F.);
#804=ORIENTED_EDGE('',*,*,#637,.T.);
#805=ORIENTED_EDGE('',*,*,#638,.T.);
#806=ORIENTED_EDGE('',*,*,#637,.F.);
#807=ORIENTED_EDGE('',*,*,#638,.F.);
#808=ORIENTED_EDGE('',*,*,#639,.F.);
#809=ORIENTED_EDGE('',*,*,#640,.T.);
#810=ORIENTED_EDGE('',*,*,#641,.T.);
#811=ORIENTED_EDGE('',*,*,#640,.F.);
#812=ORIENTED_EDGE('',*,*,#641,.F.);
#813=ORIENTED_EDGE('',*,*,#642,.T.);
#814=ORIENTED_EDGE('',*,*,#643,.F.);
#815=ORIENTED_EDGE('',*,*,#644,.F.);
#816=ORIENTED_EDGE('',*,*,#645,.F.);
#817=ORIENTED_EDGE('',*,*,#646,.F.);
#818=ORIENTED_EDGE('',*,*,#647,.T.);
#819=ORIENTED_EDGE('',*,*,#648,.F.);
#820=ORIENTED_EDGE('',*,*,#649,.F.);
#821=ORIENTED_EDGE('',*,*,#650,.F.);
#822=ORIENTED_EDGE('',*,*,#649,.T.);
#823=ORIENTED_EDGE('',*,*,#651,.F.);
#824=ORIENTED_EDGE('',*,*,#652,.F.);
#825=ORIENTED_EDGE('',*,*,#653,.F.);
#826=ORIENTED_EDGE('',*,*,#652,.T.);
#827=ORIENTED_EDGE('',*,*,#654,.F.);
#828=ORIENTED_EDGE('',*,*,#655,.F.);
#829=ORIENTED_EDGE('',*,*,#656,.F.);
#830=ORIENTED_EDGE('',*,*,#655,.T.);
#831=ORIENTED_EDGE('',*,*,#657,.F.);
#832=ORIENTED_EDGE('',*,*,#647,.F.);
#833=ORIENTED_EDGE('',*,*,#658,.F.);
#834=ORIENTED_EDGE('',*,*,#659,.F.);
#835=ORIENTED_EDGE('',*,*,#660,.F.);
#836=ORIENTED_EDGE('',*,*,#661,.F.);
#837=ORIENTED_EDGE('',*,*,#662,.F.);
#838=ORIENTED_EDGE('',*,*,#645,.T.);
#839=ORIENTED_EDGE('',*,*,#663,.F.);
#840=ORIENTED_EDGE('',*,*,#664,.F.);
#841=ORIENTED_EDGE('',*,*,#660,.T.);
#842=ORIENTED_EDGE('',*,*,#665,.F.);
#843=ORIENTED_EDGE('',*,*,#657,.T.);
#844=ORIENTED_EDGE('',*,*,#654,.T.);
#845=ORIENTED_EDGE('',*,*,#651,.T.);
#846=ORIENTED_EDGE('',*,*,#648,.T.);
#847=ORIENTED_EDGE('',*,*,#665,.T.);
#848=ORIENTED_EDGE('',*,*,#659,.T.);
#849=ORIENTED_EDGE('',*,*,#666,.T.);
#850=ORIENTED_EDGE('',*,*,#667,.F.);
#851=ORIENTED_EDGE('',*,*,#668,.F.);
#852=ORIENTED_EDGE('',*,*,#669,.F.);
#853=ORIENTED_EDGE('',*,*,#670,.F.);
#854=ORIENTED_EDGE('',*,*,#671,.T.);
#855=ORIENTED_EDGE('',*,*,#661,.T.);
#856=ORIENTED_EDGE('',*,*,#664,.T.);
#857=ORIENTED_EDGE('',*,*,#672,.F.);
#858=ORIENTED_EDGE('',*,*,#673,.F.);
#859=ORIENTED_EDGE('',*,*,#674,.F.);
#860=ORIENTED_EDGE('',*,*,#675,.F.);
#861=ORIENTED_EDGE('',*,*,#676,.T.);
#862=ORIENTED_EDGE('',*,*,#677,.T.);
#863=ORIENTED_EDGE('',*,*,#663,.T.);
#864=ORIENTED_EDGE('',*,*,#678,.F.);
#865=ORIENTED_EDGE('',*,*,#679,.F.);
#866=ORIENTED_EDGE('',*,*,#672,.T.);
#867=ORIENTED_EDGE('',*,*,#643,.T.);
#868=ORIENTED_EDGE('',*,*,#680,.F.);
#869=ORIENTED_EDGE('',*,*,#681,.F.);
#870=ORIENTED_EDGE('',*,*,#682,.F.);
#871=ORIENTED_EDGE('',*,*,#658,.T.);
#872=ORIENTED_EDGE('',*,*,#677,.F.);
#873=ORIENTED_EDGE('',*,*,#683,.F.);
#874=ORIENTED_EDGE('',*,*,#666,.F.);
#875=ORIENTED_EDGE('',*,*,#684,.F.);
#876=ORIENTED_EDGE('',*,*,#667,.T.);
#877=ORIENTED_EDGE('',*,*,#683,.T.);
#878=ORIENTED_EDGE('',*,*,#676,.F.);
#879=ORIENTED_EDGE('',*,*,#662,.T.);
#880=ORIENTED_EDGE('',*,*,#671,.F.);
#881=ORIENTED_EDGE('',*,*,#685,.F.);
#882=ORIENTED_EDGE('',*,*,#686,.T.);
#883=ORIENTED_EDGE('',*,*,#687,.F.);
#884=ORIENTED_EDGE('',*,*,#688,.T.);
#885=ORIENTED_EDGE('',*,*,#680,.T.);
#886=ORIENTED_EDGE('',*,*,#642,.F.);
#887=ORIENTED_EDGE('',*,*,#686,.F.);
#888=ORIENTED_EDGE('',*,*,#689,.F.);
#889=ORIENTED_EDGE('',*,*,#690,.T.);
#890=ORIENTED_EDGE('',*,*,#681,.T.);
#891=ORIENTED_EDGE('',*,*,#688,.F.);
#892=ORIENTED_EDGE('',*,*,#691,.F.);
#893=ORIENTED_EDGE('',*,*,#678,.T.);
#894=ORIENTED_EDGE('',*,*,#644,.T.);
#895=ORIENTED_EDGE('',*,*,#682,.T.);
#896=ORIENTED_EDGE('',*,*,#690,.F.);
#897=ORIENTED_EDGE('',*,*,#646,.T.);
#898=ORIENTED_EDGE('',*,*,#650,.T.);
#899=ORIENTED_EDGE('',*,*,#653,.T.);
#900=ORIENTED_EDGE('',*,*,#656,.T.);
#901=ORIENTED_EDGE('',*,*,#673,.T.);
#902=ORIENTED_EDGE('',*,*,#679,.T.);
#903=ORIENTED_EDGE('',*,*,#691,.T.);
#904=ORIENTED_EDGE('',*,*,#689,.T.);
#905=ORIENTED_EDGE('',*,*,#687,.T.);
#906=ORIENTED_EDGE('',*,*,#685,.T.);
#907=ORIENTED_EDGE('',*,*,#670,.T.);
#908=ORIENTED_EDGE('',*,*,#692,.F.);
#909=ORIENTED_EDGE('',*,*,#674,.T.);
#910=ORIENTED_EDGE('',*,*,#692,.T.);
#911=ORIENTED_EDGE('',*,*,#669,.T.);
#912=ORIENTED_EDGE('',*,*,#693,.F.);
#913=ORIENTED_EDGE('',*,*,#694,.F.);
#914=ORIENTED_EDGE('',*,*,#675,.T.);
#915=ORIENTED_EDGE('',*,*,#694,.T.);
#916=ORIENTED_EDGE('',*,*,#695,.T.);
#917=ORIENTED_EDGE('',*,*,#696,.T.);
#918=ORIENTED_EDGE('',*,*,#695,.F.);
#919=ORIENTED_EDGE('',*,*,#693,.T.);
#920=ORIENTED_EDGE('',*,*,#668,.T.);
#921=ORIENTED_EDGE('',*,*,#684,.T.);
#922=ORIENTED_EDGE('',*,*,#696,.F.);
#923=ORIENTED_EDGE('',*,*,#697,.T.);
#924=ORIENTED_EDGE('',*,*,#698,.F.);
#925=ORIENTED_EDGE('',*,*,#697,.F.);
#926=ORIENTED_EDGE('',*,*,#699,.T.);
#927=ORIENTED_EDGE('',*,*,#700,.T.);
#928=ORIENTED_EDGE('',*,*,#701,.T.);
#929=ORIENTED_EDGE('',*,*,#702,.T.);
#930=ORIENTED_EDGE('',*,*,#703,.T.);
#931=ORIENTED_EDGE('',*,*,#704,.T.);
#932=ORIENTED_EDGE('',*,*,#699,.F.);
#933=ORIENTED_EDGE('',*,*,#705,.T.);
#934=ORIENTED_EDGE('',*,*,#706,.T.);
#935=ORIENTED_EDGE('',*,*,#707,.T.);
#936=ORIENTED_EDGE('',*,*,#703,.F.);
#937=ORIENTED_EDGE('',*,*,#708,.T.);
#938=ORIENTED_EDGE('',*,*,#708,.F.);
#939=ORIENTED_EDGE('',*,*,#705,.F.);
#940=ORIENTED_EDGE('',*,*,#702,.F.);
#941=ORIENTED_EDGE('',*,*,#709,.T.);
#942=ORIENTED_EDGE('',*,*,#710,.F.);
#943=ORIENTED_EDGE('',*,*,#711,.T.);
#944=ORIENTED_EDGE('',*,*,#712,.T.);
#945=ORIENTED_EDGE('',*,*,#713,.T.);
#946=ORIENTED_EDGE('',*,*,#714,.T.);
#947=ORIENTED_EDGE('',*,*,#715,.T.);
#948=ORIENTED_EDGE('',*,*,#716,.T.);
#949=ORIENTED_EDGE('',*,*,#711,.F.);
#950=ORIENTED_EDGE('',*,*,#717,.T.);
#951=ORIENTED_EDGE('',*,*,#718,.T.);
#952=ORIENTED_EDGE('',*,*,#719,.T.);
#953=ORIENTED_EDGE('',*,*,#715,.F.);
#954=ORIENTED_EDGE('',*,*,#720,.T.);
#955=ORIENTED_EDGE('',*,*,#720,.F.);
#956=ORIENTED_EDGE('',*,*,#717,.F.);
#957=ORIENTED_EDGE('',*,*,#714,.F.);
#958=ORIENTED_EDGE('',*,*,#721,.F.);
#959=ORIENTED_EDGE('',*,*,#722,.F.);
#960=ORIENTED_EDGE('',*,*,#723,.T.);
#961=ORIENTED_EDGE('',*,*,#724,.T.);
#962=ORIENTED_EDGE('',*,*,#725,.T.);
#963=ORIENTED_EDGE('',*,*,#726,.T.);
#964=ORIENTED_EDGE('',*,*,#727,.T.);
#965=ORIENTED_EDGE('',*,*,#728,.T.);
#966=ORIENTED_EDGE('',*,*,#729,.T.);
#967=ORIENTED_EDGE('',*,*,#724,.F.);
#968=ORIENTED_EDGE('',*,*,#730,.T.);
#969=ORIENTED_EDGE('',*,*,#731,.T.);
#970=ORIENTED_EDGE('',*,*,#728,.F.);
#971=ORIENTED_EDGE('',*,*,#732,.T.);
#972=ORIENTED_EDGE('',*,*,#733,.T.);
#973=ORIENTED_EDGE('',*,*,#734,.T.);
#974=ORIENTED_EDGE('',*,*,#730,.F.);
#975=ORIENTED_EDGE('',*,*,#735,.T.);
#976=ORIENTED_EDGE('',*,*,#736,.T.);
#977=ORIENTED_EDGE('',*,*,#737,.T.);
#978=ORIENTED_EDGE('',*,*,#738,.T.);
#979=ORIENTED_EDGE('',*,*,#739,.T.);
#980=ORIENTED_EDGE('',*,*,#740,.T.);
#981=ORIENTED_EDGE('',*,*,#741,.T.);
#982=ORIENTED_EDGE('',*,*,#736,.F.);
#983=ORIENTED_EDGE('',*,*,#742,.T.);
#984=ORIENTED_EDGE('',*,*,#743,.T.);
#985=ORIENTED_EDGE('',*,*,#740,.F.);
#986=ORIENTED_EDGE('',*,*,#744,.T.);
#987=ORIENTED_EDGE('',*,*,#726,.F.);
#988=ORIENTED_EDGE('',*,*,#735,.F.);
#989=ORIENTED_EDGE('',*,*,#732,.F.);
#990=ORIENTED_EDGE('',*,*,#727,.F.);
#991=ORIENTED_EDGE('',*,*,#745,.T.);
#992=ORIENTED_EDGE('',*,*,#746,.T.);
#993=ORIENTED_EDGE('',*,*,#723,.F.);
#994=ORIENTED_EDGE('',*,*,#747,.T.);
#995=ORIENTED_EDGE('',*,*,#748,.T.);
#996=ORIENTED_EDGE('',*,*,#745,.F.);
#997=ORIENTED_EDGE('',*,*,#744,.F.);
#998=ORIENTED_EDGE('',*,*,#742,.F.);
#999=ORIENTED_EDGE('',*,*,#739,.F.);
#1000=ORIENTED_EDGE('',*,*,#749,.T.);
#1001=ORIENTED_EDGE('',*,*,#747,.F.);
#1002=ORIENTED_EDGE('',*,*,#704,.F.);
#1003=ORIENTED_EDGE('',*,*,#750,.T.);
#1004=ORIENTED_EDGE('',*,*,#741,.F.);
#1005=ORIENTED_EDGE('',*,*,#751,.T.);
#1006=ORIENTED_EDGE('',*,*,#752,.F.);
#1007=ORIENTED_EDGE('',*,*,#700,.F.);
#1008=ORIENTED_EDGE('',*,*,#751,.F.);
#1009=ORIENTED_EDGE('',*,*,#743,.F.);
#1010=ORIENTED_EDGE('',*,*,#725,.F.);
#1011=ORIENTED_EDGE('',*,*,#729,.F.);
#1012=ORIENTED_EDGE('',*,*,#753,.F.);
#1013=ORIENTED_EDGE('',*,*,#719,.F.);
#1014=ORIENTED_EDGE('',*,*,#754,.T.);
#1015=ORIENTED_EDGE('',*,*,#716,.F.);
#1016=ORIENTED_EDGE('',*,*,#753,.T.);
#1017=ORIENTED_EDGE('',*,*,#731,.F.);
#1018=ORIENTED_EDGE('',*,*,#755,.T.);
#1019=ORIENTED_EDGE('',*,*,#754,.F.);
#1020=ORIENTED_EDGE('',*,*,#718,.F.);
#1021=ORIENTED_EDGE('',*,*,#722,.T.);
#1022=ORIENTED_EDGE('',*,*,#756,.F.);
#1023=ORIENTED_EDGE('',*,*,#709,.F.);
#1024=ORIENTED_EDGE('',*,*,#701,.F.);
#1025=ORIENTED_EDGE('',*,*,#712,.F.);
#1026=ORIENTED_EDGE('',*,*,#755,.F.);
#1027=ORIENTED_EDGE('',*,*,#734,.F.);
#1028=ORIENTED_EDGE('',*,*,#757,.T.);
#1029=ORIENTED_EDGE('',*,*,#752,.T.);
#1030=ORIENTED_EDGE('',*,*,#758,.T.);
#1031=ORIENTED_EDGE('',*,*,#759,.F.);
#1032=ORIENTED_EDGE('',*,*,#758,.F.);
#1033=ORIENTED_EDGE('',*,*,#707,.F.);
#1034=ORIENTED_EDGE('',*,*,#760,.T.);
#1035=ORIENTED_EDGE('',*,*,#737,.F.);
#1036=ORIENTED_EDGE('',*,*,#750,.F.);
#1037=ORIENTED_EDGE('',*,*,#733,.F.);
#1038=ORIENTED_EDGE('',*,*,#746,.F.);
#1039=ORIENTED_EDGE('',*,*,#748,.F.);
#1040=ORIENTED_EDGE('',*,*,#749,.F.);
#1041=ORIENTED_EDGE('',*,*,#738,.F.);
#1042=ORIENTED_EDGE('',*,*,#760,.F.);
#1043=ORIENTED_EDGE('',*,*,#706,.F.);
#1044=ORIENTED_EDGE('',*,*,#710,.T.);
#1045=ORIENTED_EDGE('',*,*,#756,.T.);
#1046=ORIENTED_EDGE('',*,*,#721,.T.);
#1047=ORIENTED_EDGE('',*,*,#713,.F.);
#1048=ORIENTED_EDGE('',*,*,#757,.F.);
#1049=ORIENTED_EDGE('',*,*,#698,.T.);
#1050=ORIENTED_EDGE('',*,*,#761,.T.);
#1051=ORIENTED_EDGE('',*,*,#762,.T.);
#1052=ORIENTED_EDGE('',*,*,#763,.T.);
#1053=ORIENTED_EDGE('',*,*,#764,.F.);
#1054=ORIENTED_EDGE('',*,*,#765,.T.);
#1055=ORIENTED_EDGE('',*,*,#766,.T.);
#1056=ORIENTED_EDGE('',*,*,#767,.T.);
#1057=ORIENTED_EDGE('',*,*,#762,.F.);
#1058=ORIENTED_EDGE('',*,*,#768,.T.);
#1059=ORIENTED_EDGE('',*,*,#769,.T.);
#1060=ORIENTED_EDGE('',*,*,#770,.T.);
#1061=ORIENTED_EDGE('',*,*,#766,.F.);
#1062=ORIENTED_EDGE('',*,*,#771,.T.);
#1063=ORIENTED_EDGE('',*,*,#769,.F.);
#1064=ORIENTED_EDGE('',*,*,#772,.T.);
#1065=ORIENTED_EDGE('',*,*,#764,.T.);
#1066=ORIENTED_EDGE('',*,*,#771,.F.);
#1067=ORIENTED_EDGE('',*,*,#773,.F.);
#1068=ORIENTED_EDGE('',*,*,#774,.T.);
#1069=ORIENTED_EDGE('',*,*,#775,.T.);
#1070=ORIENTED_EDGE('',*,*,#763,.F.);
#1071=ORIENTED_EDGE('',*,*,#776,.F.);
#1072=ORIENTED_EDGE('',*,*,#777,.T.);
#1073=ORIENTED_EDGE('',*,*,#773,.T.);
#1074=ORIENTED_EDGE('',*,*,#761,.F.);
#1075=ORIENTED_EDGE('',*,*,#772,.F.);
#1076=ORIENTED_EDGE('',*,*,#768,.F.);
#1077=ORIENTED_EDGE('',*,*,#765,.F.);
#1078=ORIENTED_EDGE('',*,*,#759,.T.);
#1079=ORIENTED_EDGE('',*,*,#778,.F.);
#1080=ORIENTED_EDGE('',*,*,#774,.F.);
#1081=ORIENTED_EDGE('',*,*,#777,.F.);
#1082=ORIENTED_EDGE('',*,*,#779,.F.);
#1083=ORIENTED_EDGE('',*,*,#780,.F.);
#1084=ORIENTED_EDGE('',*,*,#781,.F.);
#1085=ORIENTED_EDGE('',*,*,#782,.F.);
#1086=ORIENTED_EDGE('',*,*,#783,.F.);
#1087=ORIENTED_EDGE('',*,*,#767,.F.);
#1088=ORIENTED_EDGE('',*,*,#784,.F.);
#1089=ORIENTED_EDGE('',*,*,#779,.T.);
#1090=ORIENTED_EDGE('',*,*,#776,.T.);
#1091=ORIENTED_EDGE('',*,*,#770,.F.);
#1092=ORIENTED_EDGE('',*,*,#775,.F.);
#1093=ORIENTED_EDGE('',*,*,#778,.T.);
#1094=ORIENTED_EDGE('',*,*,#784,.T.);
#1095=ORIENTED_EDGE('',*,*,#780,.T.);
#1096=ORIENTED_EDGE('',*,*,#785,.T.);
#1097=ORIENTED_EDGE('',*,*,#786,.F.);
#1098=ORIENTED_EDGE('',*,*,#787,.F.);
#1099=ORIENTED_EDGE('',*,*,#636,.T.);
#1100=ORIENTED_EDGE('',*,*,#639,.T.);
#1101=ORIENTED_EDGE('',*,*,#781,.T.);
#1102=ORIENTED_EDGE('',*,*,#787,.T.);
#1103=ORIENTED_EDGE('',*,*,#788,.F.);
#1104=ORIENTED_EDGE('',*,*,#789,.F.);
#1105=ORIENTED_EDGE('',*,*,#782,.T.);
#1106=ORIENTED_EDGE('',*,*,#789,.T.);
#1107=ORIENTED_EDGE('',*,*,#790,.F.);
#1108=ORIENTED_EDGE('',*,*,#791,.F.);
#1109=ORIENTED_EDGE('',*,*,#630,.T.);
#1110=ORIENTED_EDGE('',*,*,#633,.T.);
#1111=ORIENTED_EDGE('',*,*,#783,.T.);
#1112=ORIENTED_EDGE('',*,*,#791,.T.);
#1113=ORIENTED_EDGE('',*,*,#792,.F.);
#1114=ORIENTED_EDGE('',*,*,#785,.F.);
#1115=ORIENTED_EDGE('',*,*,#792,.T.);
#1116=ORIENTED_EDGE('',*,*,#790,.T.);
#1117=ORIENTED_EDGE('',*,*,#788,.T.);
#1118=ORIENTED_EDGE('',*,*,#786,.T.);
#1119=CYLINDRICAL_SURFACE('',#1225,2.25);
#1120=CYLINDRICAL_SURFACE('',#1229,2.25);
#1121=CYLINDRICAL_SURFACE('',#1233,2.25);
#1122=CYLINDRICAL_SURFACE('',#1237,2.25);
#1123=CYLINDRICAL_SURFACE('',#1254,29.732137494637);
#1124=CYLINDRICAL_SURFACE('',#1265,37.5);
#1125=CYLINDRICAL_SURFACE('',#1267,1.);
#1126=CYLINDRICAL_SURFACE('',#1271,1.);
#1127=CYLINDRICAL_SURFACE('',#1274,1.);
#1128=CYLINDRICAL_SURFACE('',#1278,1.);
#1129=CYLINDRICAL_SURFACE('',#1281,1.);
#1130=CYLINDRICAL_SURFACE('',#1284,1.);
#1131=CYLINDRICAL_SURFACE('',#1287,1.);
#1132=CYLINDRICAL_SURFACE('',#1289,1.);
#1133=CYLINDRICAL_SURFACE('',#1293,1.);
#1134=CYLINDRICAL_SURFACE('',#1306,40.);
#1135=CYLINDRICAL_SURFACE('',#1311,40.);
#1136=CYLINDRICAL_SURFACE('',#1314,2.);
#1137=CYLINDRICAL_SURFACE('',#1317,2.);
#1138=CYLINDRICAL_SURFACE('',#1319,2.);
#1139=CYLINDRICAL_SURFACE('',#1321,2.);
#1140=ADVANCED_FACE('',(#128),#1119,.F.);
#1141=ADVANCED_FACE('',(#129),#87,.F.);
#1142=ADVANCED_FACE('',(#130),#1120,.F.);
#1143=ADVANCED_FACE('',(#131),#88,.F.);
#1144=ADVANCED_FACE('',(#132),#1121,.F.);
#1145=ADVANCED_FACE('',(#133),#89,.T.);
#1146=ADVANCED_FACE('',(#134),#1122,.F.);
#1147=ADVANCED_FACE('',(#135),#90,.T.);
#1148=ADVANCED_FACE('',(#136),#91,.T.);
#1149=ADVANCED_FACE('',(#137),#92,.T.);
#1150=ADVANCED_FACE('',(#138),#93,.T.);
#1151=ADVANCED_FACE('',(#139),#94,.T.);
#1152=ADVANCED_FACE('',(#140),#95,.T.);
#1153=ADVANCED_FACE('',(#141),#96,.T.);
#1154=ADVANCED_FACE('',(#142,#44),#97,.T.);
#1155=ADVANCED_FACE('',(#143),#98,.F.);
#1156=ADVANCED_FACE('',(#144),#99,.F.);
#1157=ADVANCED_FACE('',(#145),#100,.F.);
#1158=ADVANCED_FACE('',(#146),#101,.T.);
#1159=ADVANCED_FACE('',(#147),#102,.T.);
#1160=ADVANCED_FACE('',(#148),#1123,.F.);
#1161=ADVANCED_FACE('',(#149),#103,.F.);
#1162=ADVANCED_FACE('',(#150),#104,.F.);
#1163=ADVANCED_FACE('',(#151),#105,.F.);
#1164=ADVANCED_FACE('',(#152),#106,.F.);
#1165=ADVANCED_FACE('',(#153),#107,.T.);
#1166=ADVANCED_FACE('',(#154),#108,.T.);
#1167=ADVANCED_FACE('',(#155),#25,.T.);
#1168=ADVANCED_FACE('',(#156),#20,.T.);
#1169=ADVANCED_FACE('',(#157),#1124,.T.);
#1170=ADVANCED_FACE('',(#158),#1125,.T.);
#1171=ADVANCED_FACE('',(#159),#21,.F.);
#1172=ADVANCED_FACE('',(#160),#1126,.T.);
#1173=ADVANCED_FACE('',(#161),#109,.T.);
#1174=ADVANCED_FACE('',(#162),#1127,.T.);
#1175=ADVANCED_FACE('',(#163),#22,.F.);
#1176=ADVANCED_FACE('',(#164),#1128,.T.);
#1177=ADVANCED_FACE('',(#165),#110,.T.);
#1178=ADVANCED_FACE('',(#166),#1129,.T.);
#1179=ADVANCED_FACE('',(#167),#1130,.T.);
#1180=ADVANCED_FACE('',(#168),#23,.F.);
#1181=ADVANCED_FACE('',(#169),#1131,.T.);
#1182=ADVANCED_FACE('',(#170),#1132,.T.);
#1183=ADVANCED_FACE('',(#171),#24,.F.);
#1184=ADVANCED_FACE('',(#172),#1133,.T.);
#1185=ADVANCED_FACE('',(#173),#111,.F.);
#1186=ADVANCED_FACE('',(#174),#112,.F.);
#1187=ADVANCED_FACE('',(#175),#113,.F.);
#1188=ADVANCED_FACE('',(#176),#26,.T.);
#1189=ADVANCED_FACE('',(#177,#45),#114,.T.);
#1190=ADVANCED_FACE('',(#178),#27,.T.);
#1191=ADVANCED_FACE('',(#179),#115,.T.);
#1192=ADVANCED_FACE('',(#180),#1134,.F.);
#1193=ADVANCED_FACE('',(#181),#28,.T.);
#1194=ADVANCED_FACE('',(#182),#1135,.F.);
#1195=ADVANCED_FACE('',(#183,#46),#116,.T.);
#1196=ADVANCED_FACE('',(#184),#1136,.T.);
#1197=ADVANCED_FACE('',(#185),#1137,.T.);
#1198=ADVANCED_FACE('',(#186),#1138,.T.);
#1199=ADVANCED_FACE('',(#187),#1139,.T.);
#1200=ADVANCED_FACE('',(#188),#117,.T.);
#1201=ADVANCED_FACE('',(#189),#118,.T.);
#1202=ADVANCED_FACE('',(#190,#47),#119,.T.);
#1203=ADVANCED_FACE('',(#191,#48),#120,.F.);
#1204=ADVANCED_FACE('',(#192),#121,.T.);
#1205=ADVANCED_FACE('',(#193),#122,.T.);
#1206=ADVANCED_FACE('',(#194,#49,#50),#123,.T.);
#1207=ADVANCED_FACE('',(#195),#124,.T.);
#1208=ADVANCED_FACE('',(#196,#51,#52),#125,.T.);
#1209=ADVANCED_FACE('',(#197),#126,.T.);
#1210=ADVANCED_FACE('',(#198),#127,.T.);
#1211=CLOSED_SHELL('',(#1140,#1141,#1142,#1143,#1144,#1145,#1146,#1147,
#1148,#1149,#1150,#1151,#1152,#1153,#1154,#1155,#1156,#1157,#1158,#1159,
#1160,#1161,#1162,#1163,#1164,#1165,#1166,#1167,#1168,#1169,#1170,#1171,
#1172,#1173,#1174,#1175,#1176,#1177,#1178,#1179,#1180,#1181,#1182,#1183,
#1184,#1185,#1186,#1187,#1188,#1189,#1190,#1191,#1192,#1193,#1194,#1195,
#1196,#1197,#1198,#1199,#1200,#1201,#1202,#1203,#1204,#1205,#1206,#1207,
#1208,#1209,#1210));
#1212=DERIVED_UNIT_ELEMENT(#1214,1.);
#1213=DERIVED_UNIT_ELEMENT(#2384,-3.);
#1214=(
MASS_UNIT()
NAMED_UNIT(*)
SI_UNIT(.KILO.,.GRAM.)
);
#1215=DERIVED_UNIT((#1212,#1213));
#1216=MEASURE_REPRESENTATION_ITEM('density measure',
POSITIVE_RATIO_MEASURE(7850.),#1215);
#1217=PROPERTY_DEFINITION_REPRESENTATION(#1222,#1219);
#1218=PROPERTY_DEFINITION_REPRESENTATION(#1223,#1220);
#1219=REPRESENTATION('material name',(#1221),#2381);
#1220=REPRESENTATION('density',(#1216),#2381);
#1221=DESCRIPTIVE_REPRESENTATION_ITEM('Steel','Steel');
#1222=PROPERTY_DEFINITION('material property','material name',#2391);
#1223=PROPERTY_DEFINITION('material property','density of part',#2391);
#1224=AXIS2_PLACEMENT_3D('',#1657,#1333,#1334);
#1225=AXIS2_PLACEMENT_3D('',#1658,#1335,#1336);
#1226=AXIS2_PLACEMENT_3D('',#1660,#1337,#1338);
#1227=AXIS2_PLACEMENT_3D('',#1663,#1340,#1341);
#1228=AXIS2_PLACEMENT_3D('',#1664,#1342,#1343);
#1229=AXIS2_PLACEMENT_3D('',#1665,#1344,#1345);
#1230=AXIS2_PLACEMENT_3D('',#1667,#1346,#1347);
#1231=AXIS2_PLACEMENT_3D('',#1670,#1349,#1350);
#1232=AXIS2_PLACEMENT_3D('',#1671,#1351,#1352);
#1233=AXIS2_PLACEMENT_3D('',#1672,#1353,#1354);
#1234=AXIS2_PLACEMENT_3D('',#1674,#1355,#1356);
#1235=AXIS2_PLACEMENT_3D('',#1677,#1358,#1359);
#1236=AXIS2_PLACEMENT_3D('',#1678,#1360,#1361);
#1237=AXIS2_PLACEMENT_3D('',#1679,#1362,#1363);
#1238=AXIS2_PLACEMENT_3D('',#1681,#1364,#1365);
#1239=AXIS2_PLACEMENT_3D('',#1684,#1367,#1368);
#1240=AXIS2_PLACEMENT_3D('',#1685,#1369,#1370);
#1241=AXIS2_PLACEMENT_3D('',#1686,#1371,#1372);
#1242=AXIS2_PLACEMENT_3D('',#1695,#1377,#1378);
#1243=AXIS2_PLACEMENT_3D('',#1704,#1383,#1384);
#1244=AXIS2_PLACEMENT_3D('',#1710,#1388,#1389);
#1245=AXIS2_PLACEMENT_3D('',#1716,#1393,#1394);
#1246=AXIS2_PLACEMENT_3D('',#1719,#1397,#1398);
#1247=AXIS2_PLACEMENT_3D('',#1728,#1403,#1404);
#1248=AXIS2_PLACEMENT_3D('',#1735,#1409,#1410);
#1249=AXIS2_PLACEMENT_3D('',#1759,#1415,#1416);
#1250=AXIS2_PLACEMENT_3D('',#1783,#1421,#1422);
#1251=AXIS2_PLACEMENT_3D('',#1787,#1425,#1426);
#1252=AXIS2_PLACEMENT_3D('',#1793,#1430,#1431);
#1253=AXIS2_PLACEMENT_3D('',#1794,#1432,#1433);
#1254=AXIS2_PLACEMENT_3D('',#1795,#1434,#1435);
#1255=AXIS2_PLACEMENT_3D('',#1806,#1436,#1437);
#1256=AXIS2_PLACEMENT_3D('',#1810,#1440,#1441);
#1257=AXIS2_PLACEMENT_3D('',#1814,#1444,#1445);
#1258=AXIS2_PLACEMENT_3D('',#1818,#1448,#1449);
#1259=AXIS2_PLACEMENT_3D('',#1820,#1451,#1452);
#1260=AXIS2_PLACEMENT_3D('',#1821,#1453,#1454);
#1261=AXIS2_PLACEMENT_3D('',#1822,#1455,#1456);
#1262=AXIS2_PLACEMENT_3D('',#1823,#1457,#1458);
#1263=AXIS2_PLACEMENT_3D('',#1825,#1459,#1460);
#1264=AXIS2_PLACEMENT_3D('',#1826,#1461,#1462);
#1265=AXIS2_PLACEMENT_3D('',#2047,#1463,#1464);
#1266=AXIS2_PLACEMENT_3D('',#2050,#1466,#1467);
#1267=AXIS2_PLACEMENT_3D('',#2051,#1468,#1469);
#1268=AXIS2_PLACEMENT_3D('',#2054,#1470,#1471);
#1269=AXIS2_PLACEMENT_3D('',#2058,#1473,#1474);
#1270=AXIS2_PLACEMENT_3D('',#2092,#1476,#1477);
#1271=AXIS2_PLACEMENT_3D('',#2105,#1478,#1479);
#1272=AXIS2_PLACEMENT_3D('',#2108,#1480,#1481);
#1273=AXIS2_PLACEMENT_3D('',#2111,#1484,#1485);
#1274=AXIS2_PLACEMENT_3D('',#2115,#1488,#1489);
#1275=AXIS2_PLACEMENT_3D('',#2118,#1490,#1491);
#1276=AXIS2_PLACEMENT_3D('',#2122,#1493,#1494);
#1277=AXIS2_PLACEMENT_3D('',#2151,#1496,#1497);
#1278=AXIS2_PLACEMENT_3D('',#2162,#1498,#1499);
#1279=AXIS2_PLACEMENT_3D('',#2165,#1500,#1501);
#1280=AXIS2_PLACEMENT_3D('',#2168,#1504,#1505);
#1281=AXIS2_PLACEMENT_3D('',#2172,#1508,#1509);
#1282=AXIS2_PLACEMENT_3D('',#2177,#1511,#1512);
#1283=AXIS2_PLACEMENT_3D('',#2180,#1514,#1515);
#1284=AXIS2_PLACEMENT_3D('',#2181,#1516,#1517);
#1285=AXIS2_PLACEMENT_3D('',#2185,#1519,#1520);
#1286=AXIS2_PLACEMENT_3D('',#2214,#1522,#1523);
#1287=AXIS2_PLACEMENT_3D('',#2225,#1524,#1525);
#1288=AXIS2_PLACEMENT_3D('',#2228,#1526,#1527);
#1289=AXIS2_PLACEMENT_3D('',#2231,#1530,#1531);
#1290=AXIS2_PLACEMENT_3D('',#2234,#1532,#1533);
#1291=AXIS2_PLACEMENT_3D('',#2238,#1535,#1536);
#1292=AXIS2_PLACEMENT_3D('',#2267,#1538,#1539);
#1293=AXIS2_PLACEMENT_3D('',#2278,#1540,#1541);
#1294=AXIS2_PLACEMENT_3D('',#2281,#1544,#1545);
#1295=AXIS2_PLACEMENT_3D('',#2285,#1548,#1549);
#1296=AXIS2_PLACEMENT_3D('',#2289,#1552,#1553);
#1297=AXIS2_PLACEMENT_3D('',#2291,#1555,#1556);
#1298=AXIS2_PLACEMENT_3D('',#2292,#1557,#1558);
#1299=AXIS2_PLACEMENT_3D('',#2293,#1559,#1560);
#1300=AXIS2_PLACEMENT_3D('',#2294,#1561,#1562);
#1301=AXIS2_PLACEMENT_3D('',#2296,#1563,#1564);
#1302=AXIS2_PLACEMENT_3D('',#2297,#1565,#1566);
#1303=AXIS2_PLACEMENT_3D('',#2299,#1568,#1569);
#1304=AXIS2_PLACEMENT_3D('',#2300,#1570,#1571);
#1305=AXIS2_PLACEMENT_3D('',#2301,#1572,#1573);
#1306=AXIS2_PLACEMENT_3D('',#2303,#1575,#1576);
#1307=AXIS2_PLACEMENT_3D('',#2304,#1577,#1578);
#1308=AXIS2_PLACEMENT_3D('',#2305,#1579,#1580);
#1309=AXIS2_PLACEMENT_3D('',#2307,#1581,#1582);
#1310=AXIS2_PLACEMENT_3D('',#2308,#1583,#1584);
#1311=AXIS2_PLACEMENT_3D('',#2309,#1585,#1586);
#1312=AXIS2_PLACEMENT_3D('',#2310,#1587,#1588);
#1313=AXIS2_PLACEMENT_3D('',#2311,#1589,#1590);
#1314=AXIS2_PLACEMENT_3D('',#2312,#1591,#1592);
#1315=AXIS2_PLACEMENT_3D('',#2317,#1594,#1595);
#1316=AXIS2_PLACEMENT_3D('',#2320,#1597,#1598);
#1317=AXIS2_PLACEMENT_3D('',#2321,#1599,#1600);
#1318=AXIS2_PLACEMENT_3D('',#2325,#1602,#1603);
#1319=AXIS2_PLACEMENT_3D('',#2327,#1605,#1606);
#1320=AXIS2_PLACEMENT_3D('',#2331,#1608,#1609);
#1321=AXIS2_PLACEMENT_3D('',#2333,#1611,#1612);
#1322=AXIS2_PLACEMENT_3D('',#2336,#1615,#1616);
#1323=AXIS2_PLACEMENT_3D('',#2342,#1620,#1621);
#1324=AXIS2_PLACEMENT_3D('',#2346,#1624,#1625);
#1325=AXIS2_PLACEMENT_3D('',#2347,#1626,#1627);
#1326=AXIS2_PLACEMENT_3D('',#2359,#1634,#1635);
#1327=AXIS2_PLACEMENT_3D('',#2361,#1637,#1638);
#1328=AXIS2_PLACEMENT_3D('',#2362,#1639,#1640);
#1329=AXIS2_PLACEMENT_3D('',#2368,#1644,#1645);
#1330=AXIS2_PLACEMENT_3D('',#2372,#1648,#1649);
#1331=AXIS2_PLACEMENT_3D('',#2376,#1652,#1653);
#1332=AXIS2_PLACEMENT_3D('',#2378,#1655,#1656);
#1333=DIRECTION('axis',(0.,0.,1.));
#1334=DIRECTION('refdir',(1.,0.,0.));
#1335=DIRECTION('center_axis',(1.,1.48029736616688E-15,0.));
#1336=DIRECTION('ref_axis',(1.48029736616688E-15,-1.,5.22570524799762E-17));
#1337=DIRECTION('center_axis',(-1.,-6.23283101543947E-16,0.));
#1338=DIRECTION('ref_axis',(1.48029736616688E-15,-1.,5.22570524799762E-17));
#1339=DIRECTION('',(-1.,-1.48029736616688E-15,0.));
#1340=DIRECTION('center_axis',(1.,1.6653345867632E-15,2.85972285801793E-17));
#1341=DIRECTION('ref_axis',(1.6653345867632E-15,-1.,5.22570524799762E-17));
#1342=DIRECTION('center_axis',(-1.,-1.6653345867632E-15,-2.85972285801793E-17));
#1343=DIRECTION('ref_axis',(1.6653345867632E-15,-1.,5.22570524799762E-17));
#1344=DIRECTION('center_axis',(1.,1.48029736616688E-15,0.));
#1345=DIRECTION('ref_axis',(1.48029736616688E-15,-1.,5.22570524799762E-17));
#1346=DIRECTION('center_axis',(-1.,-6.23283101543947E-16,0.));
#1347=DIRECTION('ref_axis',(1.48029736616688E-15,-1.,5.22570524799762E-17));
#1348=DIRECTION('',(-1.,-1.48029736616688E-15,0.));
#1349=DIRECTION('center_axis',(1.,1.6653345867632E-15,2.85972285801793E-17));
#1350=DIRECTION('ref_axis',(1.6653345867632E-15,-1.,5.22570524799762E-17));
#1351=DIRECTION('center_axis',(-1.,-1.6653345867632E-15,-2.85972285801793E-17));
#1352=DIRECTION('ref_axis',(1.6653345867632E-15,-1.,5.22570524799762E-17));
#1353=DIRECTION('center_axis',(1.,-1.48029736616688E-15,0.));
#1354=DIRECTION('ref_axis',(-1.48029736616688E-15,-1.,5.22570524799762E-17));
#1355=DIRECTION('center_axis',(1.,1.55820775385987E-16,0.));
#1356=DIRECTION('ref_axis',(-1.48029736616688E-15,-1.,5.22570524799762E-17));
#1357=DIRECTION('',(1.,-1.48029736616688E-15,0.));
#1358=DIRECTION('center_axis',(1.,-1.6653345867632E-15,-2.85972285801793E-17));
#1359=DIRECTION('ref_axis',(-1.6653345867632E-15,-1.,5.22570524799762E-17));
#1360=DIRECTION('center_axis',(-1.,1.6653345867632E-15,2.85972285801793E-17));
#1361=DIRECTION('ref_axis',(-1.6653345867632E-15,-1.,5.22570524799762E-17));
#1362=DIRECTION('center_axis',(1.,-1.48029736616688E-15,0.));
#1363=DIRECTION('ref_axis',(-1.48029736616688E-15,-1.,5.22570524799762E-17));
#1364=DIRECTION('center_axis',(1.,1.55820775385987E-16,0.));
#1365=DIRECTION('ref_axis',(-1.48029736616688E-15,-1.,5.22570524799762E-17));
#1366=DIRECTION('',(1.,-1.48029736616688E-15,0.));
#1367=DIRECTION('center_axis',(1.,-1.6653345867632E-15,-2.85972285801793E-17));
#1368=DIRECTION('ref_axis',(-1.6653345867632E-15,-1.,5.22570524799762E-17));
#1369=DIRECTION('center_axis',(-1.,1.6653345867632E-15,2.85972285801793E-17));
#1370=DIRECTION('ref_axis',(-1.6653345867632E-15,-1.,5.22570524799762E-17));
#1371=DIRECTION('center_axis',(0.,-1.,0.));
#1372=DIRECTION('ref_axis',(1.,0.,2.8597230107459E-17));
#1373=DIRECTION('',(0.,0.,-1.));
#1374=DIRECTION('',(-1.,0.,-2.8597230107459E-17));
#1375=DIRECTION('',(0.,0.,-1.));
#1376=DIRECTION('',(1.,0.,2.8597230107459E-17));
#1377=DIRECTION('center_axis',(-5.55111512312578E-17,-1.,0.));
#1378=DIRECTION('ref_axis',(1.,-5.55111512312578E-17,2.8597230107459E-17));
#1379=DIRECTION('',(-1.,5.55111512312578E-17,-2.8597230107459E-17));
#1380=DIRECTION('',(0.,0.,1.));
#1381=DIRECTION('',(1.,-5.55111512312578E-17,2.8597230107459E-17));
#1382=DIRECTION('',(0.,0.,1.));
#1383=DIRECTION('center_axis',(1.,-1.49440695450744E-33,0.));
#1384=DIRECTION('ref_axis',(1.49440695450744E-33,1.,-5.22570524799762E-17));
#1385=DIRECTION('',(-1.49440695450744E-33,-1.,5.22570538895265E-17));
#1386=DIRECTION('',(1.49440695450744E-33,1.,-5.22570524799762E-17));
#1387=DIRECTION('',(0.,0.,1.));
#1388=DIRECTION('center_axis',(0.,1.,0.));
#1389=DIRECTION('ref_axis',(-1.,0.,-2.8597230107459E-17));
#1390=DIRECTION('',(1.,0.,2.8597230107459E-17));
#1391=DIRECTION('',(-1.,0.,-2.8597230107459E-17));
#1392=DIRECTION('',(0.,0.,1.));
#1393=DIRECTION('center_axis',(-1.,1.49440695450744E-33,0.));
#1394=DIRECTION('ref_axis',(-1.49440695450744E-33,-1.,5.22570524799762E-17));
#1395=DIRECTION('',(1.49440695450744E-33,1.,-5.22570538895265E-17));
#1396=DIRECTION('',(-1.49440695450744E-33,-1.,5.22570524799762E-17));
#1397=DIRECTION('center_axis',(-9.92420764034679E-82,1.,0.));
#1398=DIRECTION('ref_axis',(-1.,-9.92420764034679E-82,-2.8597230107459E-17));
#1399=DIRECTION('',(1.,9.92420764034679E-82,2.8597230107459E-17));
#1400=DIRECTION('',(0.,0.,-1.));
#1401=DIRECTION('',(-1.,-9.92420764034679E-82,-2.8597230107459E-17));
#1402=DIRECTION('',(0.,0.,1.));
#1403=DIRECTION('center_axis',(0.,0.,1.));
#1404=DIRECTION('ref_axis',(1.,0.,0.));
#1405=DIRECTION('',(-1.,0.,0.));
#1406=DIRECTION('',(-1.,0.,0.));
#1407=DIRECTION('',(-3.46944695195361E-16,-1.,0.));
#1408=DIRECTION('',(1.49440699481668E-33,1.,0.));
#1409=DIRECTION('center_axis',(-1.,1.49440699481668E-33,0.));
#1410=DIRECTION('ref_axis',(1.49440699481668E-33,1.,-5.22570538895265E-17));
#1411=DIRECTION('',(1.49440699481668E-33,1.,-5.22570538895265E-17));
#1412=DIRECTION('',(0.,0.,-1.));
#1413=DIRECTION('',(1.49440699481668E-33,1.,-5.22570538895265E-17));
#1414=DIRECTION('',(0.,0.,-1.));
#1415=DIRECTION('center_axis',(1.,-3.46944695195361E-16,0.));
#1416=DIRECTION('ref_axis',(-3.46944695195361E-16,-1.,5.22570538895265E-17));
#1417=DIRECTION('',(0.,0.,-1.));
#1418=DIRECTION('',(-3.46944695195361E-16,-1.,5.22570538895265E-17));
#1419=DIRECTION('',(0.,0.,-1.));
#1420=DIRECTION('',(-3.46944695195361E-16,-1.,5.22570538895265E-17));
#1421=DIRECTION('center_axis',(0.,-1.,0.));
#1422=DIRECTION('ref_axis',(-1.,0.,-2.8597230107459E-17));
#1423=DIRECTION('',(0.,0.,-1.));
#1424=DIRECTION('',(-1.,0.,-2.8597230107459E-17));
#1425=DIRECTION('center_axis',(-2.8597230107459E-17,5.22570538895265E-17,
1.));
#1426=DIRECTION('ref_axis',(-1.,0.,-2.8597230107459E-17));
#1427=DIRECTION('',(1.49440699481668E-33,1.,-5.22570538895265E-17));
#1428=DIRECTION('',(-1.,0.,-2.8597230107459E-17));
#1429=DIRECTION('',(-1.49440699481668E-33,-1.,5.22570538895265E-17));
#1430=DIRECTION('center_axis',(-2.8597230107459E-17,5.22570538895265E-17,
1.));
#1431=DIRECTION('ref_axis',(-1.,0.,-2.8597230107459E-17));
#1432=DIRECTION('center_axis',(2.8597230107459E-17,-5.22570538895265E-17,
-1.));
#1433=DIRECTION('ref_axis',(0.336336396998156,0.941741911594837,-3.95943684857672E-17));
#1434=DIRECTION('center_axis',(0.,0.,-1.));
#1435=DIRECTION('ref_axis',(0.336336396998156,0.941741911594837,0.));
#1436=DIRECTION('center_axis',(0.,-1.,0.));
#1437=DIRECTION('ref_axis',(-1.,0.,-2.8597230107459E-17));
#1438=DIRECTION('',(-1.,0.,-2.8597230107459E-17));
#1439=DIRECTION('',(0.,0.,-1.));
#1440=DIRECTION('center_axis',(-1.,1.49440699481668E-33,0.));
#1441=DIRECTION('ref_axis',(1.49440699481668E-33,1.,-5.22570538895265E-17));
#1442=DIRECTION('',(1.49440699481668E-33,1.,-5.22570538895265E-17));
#1443=DIRECTION('',(0.,0.,-1.));
#1444=DIRECTION('center_axis',(0.,-1.,0.));
#1445=DIRECTION('ref_axis',(-1.,0.,-2.8597230107459E-17));
#1446=DIRECTION('',(-1.,0.,-2.8597230107459E-17));
#1447=DIRECTION('',(0.,0.,-1.));
#1448=DIRECTION('center_axis',(1.,-1.49440699481668E-33,0.));
#1449=DIRECTION('ref_axis',(-1.49440699481668E-33,-1.,5.22570538895265E-17));
#1450=DIRECTION('',(-1.49440699481668E-33,-1.,5.22570538895265E-17));
#1451=DIRECTION('center_axis',(-2.8597230107459E-17,5.22570538895265E-17,
1.));
#1452=DIRECTION('ref_axis',(-1.,0.,-2.8597230107459E-17));
#1453=DIRECTION('center_axis',(-2.8597230107459E-17,5.22570538895265E-17,
1.));
#1454=DIRECTION('ref_axis',(-1.,0.,-2.8597230107459E-17));
#1455=DIRECTION('center_axis',(2.8597230107459E-17,-5.22570538895265E-17,
-1.));
#1456=DIRECTION('ref_axis',(-1.,1.94943846649709E-32,-2.8597230107459E-17));
#1457=DIRECTION('center_axis',(-2.8597230107459E-17,5.22570538895265E-17,
1.));
#1458=DIRECTION('ref_axis',(6.12323399573677E-17,-1.,0.));
#1459=DIRECTION('center_axis',(2.8597230107459E-17,-5.22570538895265E-17,
-1.));
#1460=DIRECTION('ref_axis',(-1.,1.49440699481669E-33,0.));
#1461=DIRECTION('center_axis',(2.8597230107459E-17,-5.22570538895265E-17,
-1.));
#1462=DIRECTION('ref_axis',(-1.,1.49440699481669E-33,0.));
#1463=DIRECTION('center_axis',(0.,5.22570538895264E-17,1.));
#1464=DIRECTION('ref_axis',(-1.,7.65738281685581E-33,0.));
#1465=DIRECTION('',(0.,-5.22570538895264E-17,-1.));
#1466=DIRECTION('center_axis',(2.8597230107459E-17,-5.22570524799762E-17,
-1.));
#1467=DIRECTION('ref_axis',(-1.,7.65738281685581E-33,0.));
#1468=DIRECTION('center_axis',(-1.,-2.77555756156289E-16,-2.8597230107459E-17));
#1469=DIRECTION('ref_axis',(0.,0.707106781186551,0.707106781186544));
#1470=DIRECTION('center_axis',(1.,0.,0.));
#1471=DIRECTION('ref_axis',(0.,1.,0.));
#1472=DIRECTION('',(1.,2.77555756156289E-16,2.8597230107459E-17));
#1473=DIRECTION('center_axis',(1.,1.49440695450744E-33,0.));
#1474=DIRECTION('ref_axis',(0.,0.707106781186551,0.707106781186544));
#1475=DIRECTION('',(-1.,-2.77555756156289E-16,-2.8597230107459E-17));
#1476=DIRECTION('center_axis',(0.,0.,1.));
#1477=DIRECTION('ref_axis',(0.,1.,0.));
#1478=DIRECTION('center_axis',(0.,-5.22570524799763E-17,-1.));
#1479=DIRECTION('ref_axis',(-0.604858378909135,0.796333059381195,0.));
#1480=DIRECTION('center_axis',(2.8597230107459E-17,-5.22570524799762E-17,
-1.));
#1481=DIRECTION('ref_axis',(-0.604858378909135,0.796333059381195,0.));
#1482=DIRECTION('',(0.,5.22570524799763E-17,1.));
#1483=DIRECTION('',(-1.45042457155787E-32,0.,-1.));
#1484=DIRECTION('center_axis',(-2.77555756156289E-16,1.,0.));
#1485=DIRECTION('ref_axis',(1.,2.77555756156289E-16,-2.8597230107459E-17));
#1486=DIRECTION('',(0.,0.,-1.));
#1487=DIRECTION('',(1.,2.77555756156289E-16,-2.8597230107459E-17));
#1488=DIRECTION('center_axis',(0.,5.22570524799763E-17,1.));
#1489=DIRECTION('ref_axis',(-0.604858378909131,-0.796333059381197,0.));
#1490=DIRECTION('center_axis',(0.,0.,-1.));
#1491=DIRECTION('ref_axis',(0.,-1.,0.));
#1492=DIRECTION('',(0.,-5.22570524799763E-17,-1.));
#1493=DIRECTION('center_axis',(2.8597230107459E-17,-5.22570524799762E-17,
-1.));
#1494=DIRECTION('ref_axis',(-0.604858378909131,-0.796333059381197,0.));
#1495=DIRECTION('',(0.,0.,1.));
#1496=DIRECTION('center_axis',(-1.,0.,-8.88178419700128E-15));
#1497=DIRECTION('ref_axis',(0.,-1.,0.));
#1498=DIRECTION('center_axis',(1.,0.,2.8597230107459E-17));
#1499=DIRECTION('ref_axis',(0.,-0.707106781186549,0.707106781186546));
#1500=DIRECTION('center_axis',(1.,1.49440695450744E-33,0.));
#1501=DIRECTION('ref_axis',(0.,-0.707106781186549,0.707106781186546));
#1502=DIRECTION('',(-1.,0.,-2.8597230107459E-17));
#1503=DIRECTION('',(1.,0.,2.8597230107459E-17));
#1504=DIRECTION('center_axis',(0.,-1.,0.));
#1505=DIRECTION('ref_axis',(-1.,0.,2.8597230107459E-17));
#1506=DIRECTION('',(-1.,0.,2.8597230107459E-17));
#1507=DIRECTION('',(0.,0.,-1.));
#1508=DIRECTION('center_axis',(1.49440695450744E-33,1.,-5.22570524799762E-17));
#1509=DIRECTION('ref_axis',(0.707106781186548,0.,0.707106781186548));
#1510=DIRECTION('',(1.49440695450744E-33,1.,-5.22570524799762E-17));
#1511=DIRECTION('center_axis',(-0.707106781186549,-0.707106781186546,0.));
#1512=DIRECTION('ref_axis',(0.707106781186546,-0.707106781186549,7.39026323468248E-17));
#1513=DIRECTION('',(-1.49440695450744E-33,-1.,5.22570524799762E-17));
#1514=DIRECTION('center_axis',(-0.707106781186549,0.707106781186546,0.));
#1515=DIRECTION('ref_axis',(-0.707106781186546,-0.707106781186549,7.39026323468248E-17));
#1516=DIRECTION('center_axis',(1.,0.,2.8597230107459E-17));
#1517=DIRECTION('ref_axis',(0.,-0.707106781186549,0.707106781186546));
#1518=DIRECTION('',(1.,0.,2.8597230107459E-17));
#1519=DIRECTION('center_axis',(-1.,0.,0.));
#1520=DIRECTION('ref_axis',(0.,-1.,0.));
#1521=DIRECTION('',(-1.,0.,-2.8597230107459E-17));
#1522=DIRECTION('center_axis',(0.,0.,1.));
#1523=DIRECTION('ref_axis',(0.,-1.,0.));
#1524=DIRECTION('center_axis',(0.,-5.22570524799763E-17,-1.));
#1525=DIRECTION('ref_axis',(0.604858378909133,-0.796333059381197,0.));
#1526=DIRECTION('center_axis',(2.8597230107459E-17,-5.22570524799762E-17,
-1.));
#1527=DIRECTION('ref_axis',(0.604858378909133,-0.796333059381197,0.));
#1528=DIRECTION('',(0.,5.22570524799763E-17,1.));
#1529=DIRECTION('',(0.,0.,-1.));
#1530=DIRECTION('center_axis',(0.,5.22570524799763E-17,1.));
#1531=DIRECTION('ref_axis',(0.604858378909136,0.796333059381194,0.));
#1532=DIRECTION('center_axis',(0.,0.,-1.));
#1533=DIRECTION('ref_axis',(0.,1.,0.));
#1534=DIRECTION('',(0.,-5.22570524799763E-17,-1.));
#1535=DIRECTION('center_axis',(2.8597230107459E-17,-5.22570524799762E-17,
-1.));
#1536=DIRECTION('ref_axis',(0.604858378909136,0.796333059381194,0.));
#1537=DIRECTION('',(-1.45042457155787E-32,0.,1.));
#1538=DIRECTION('center_axis',(1.,0.,0.));
#1539=DIRECTION('ref_axis',(0.,1.,0.));
#1540=DIRECTION('center_axis',(-1.,2.77555756156289E-16,-2.8597230107459E-17));
#1541=DIRECTION('ref_axis',(0.,0.707106781186551,0.707106781186544));
#1542=DIRECTION('',(1.,-2.77555756156289E-16,2.8597230107459E-17));
#1543=DIRECTION('',(-1.,2.77555756156289E-16,-2.8597230107459E-17));
#1544=DIRECTION('center_axis',(0.,1.,0.));
#1545=DIRECTION('ref_axis',(1.,0.,2.8597230107459E-17));
#1546=DIRECTION('',(0.,0.,-1.));
#1547=DIRECTION('',(1.,0.,2.8597230107459E-17));
#1548=DIRECTION('center_axis',(-1.,1.49440695450744E-33,0.));
#1549=DIRECTION('ref_axis',(1.49440695450744E-33,1.,-5.22570524799762E-17));
#1550=DIRECTION('',(0.,0.,-1.));
#1551=DIRECTION('',(1.49440695450744E-33,1.,-5.22570524799762E-17));
#1552=DIRECTION('center_axis',(-2.77555756156289E-16,-1.,0.));
#1553=DIRECTION('ref_axis',(-1.,2.77555756156289E-16,-2.8597230107459E-17));
#1554=DIRECTION('',(-1.,2.77555756156289E-16,-2.8597230107459E-17));
#1555=DIRECTION('center_axis',(2.8597230107459E-17,-5.22570524799762E-17,
-1.));
#1556=DIRECTION('ref_axis',(-1.,0.,0.));
#1557=DIRECTION('center_axis',(2.8597230107459E-17,-5.22570524799762E-17,
-1.));
#1558=DIRECTION('ref_axis',(-5.90875494594007E-17,-1.,5.55111512312578E-17));
#1559=DIRECTION('center_axis',(-2.8597230107459E-17,5.22570524799762E-17,
1.));
#1560=DIRECTION('ref_axis',(-5.90875494594007E-17,-1.,5.22570524799762E-17));
#1561=DIRECTION('center_axis',(-2.8597230107459E-17,5.22570524799762E-17,
1.));
#1562=DIRECTION('ref_axis',(-1.,1.9463059134203E-25,-2.8597230107459E-17));
#1563=DIRECTION('center_axis',(2.8597230107459E-17,-5.22570524799762E-17,
-1.));
#1564=DIRECTION('ref_axis',(-1.,1.94630594225461E-25,-2.8597230107459E-17));
#1565=DIRECTION('center_axis',(-2.8597230107459E-17,5.22570524799762E-17,
1.));
#1566=DIRECTION('ref_axis',(1.85841810759331E-16,1.,-5.22570524799762E-17));
#1567=DIRECTION('',(1.49440695450744E-33,-1.,5.22570524799762E-17));
#1568=DIRECTION('center_axis',(2.8597230107459E-17,-5.22570524799762E-17,
-1.));
#1569=DIRECTION('ref_axis',(-1.,0.,0.));
#1570=DIRECTION('center_axis',(2.8597230107459E-17,-5.22570524799762E-17,
-1.));
#1571=DIRECTION('ref_axis',(1.85841810759331E-16,1.,-5.55111512312578E-17));
#1572=DIRECTION('center_axis',(-1.,-1.49440695450744E-33,0.));
#1573=DIRECTION('ref_axis',(-1.49440695450744E-33,1.,-5.22570524799762E-17));
#1574=DIRECTION('',(-1.49440695450744E-33,1.,-5.22570524799762E-17));
#1575=DIRECTION('center_axis',(0.,-5.22570524799763E-17,-1.));
#1576=DIRECTION('ref_axis',(-1.,1.94630592836437E-25,0.));
#1577=DIRECTION('center_axis',(2.8597230107459E-17,-5.22570524799762E-17,
-1.));
#1578=DIRECTION('ref_axis',(-1.,1.9463059134203E-25,-2.8597230107459E-17));
#1579=DIRECTION('center_axis',(-2.8597230107459E-17,5.22570524799762E-17,
1.));
#1580=DIRECTION('ref_axis',(1.,0.,0.));
#1581=DIRECTION('center_axis',(1.22464679914735E-16,-1.,5.22570524799762E-17));
#1582=DIRECTION('ref_axis',(-1.,-1.22464679914735E-16,0.));
#1583=DIRECTION('center_axis',(0.,0.,-1.));
#1584=DIRECTION('ref_axis',(-1.,1.94630592836437E-25,0.));
#1585=DIRECTION('center_axis',(0.,-5.22570524799763E-17,-1.));
#1586=DIRECTION('ref_axis',(-1.,1.94630592836437E-25,0.));
#1587=DIRECTION('center_axis',(2.8597230107459E-17,-5.22570524799762E-17,
-1.));
#1588=DIRECTION('ref_axis',(-1.,1.9463059134203E-25,-2.8597230107459E-17));
#1589=DIRECTION('center_axis',(-2.8597230107459E-17,5.22570524799762E-17,
1.));
#1590=DIRECTION('ref_axis',(-1.,1.9463059134203E-25,-2.8597230107459E-17));
#1591=DIRECTION('center_axis',(-1.,-1.56737368182375E-16,0.));
#1592=DIRECTION('ref_axis',(0.,0.707106781186546,0.707106781186549));
#1593=DIRECTION('',(1.,1.56737368182375E-16,0.));
#1594=DIRECTION('center_axis',(-0.707106781186549,0.707106781186546,-3.14018491736757E-15));
#1595=DIRECTION('ref_axis',(0.707106781186546,0.707106781186549,-3.14018491736758E-15));
#1596=DIRECTION('',(-1.,-1.56737368182375E-16,0.));
#1597=DIRECTION('center_axis',(-0.707106781186549,-0.707106781186546,0.));
#1598=DIRECTION('ref_axis',(-0.707106781186546,0.707106781186549,0.));
#1599=DIRECTION('center_axis',(2.93612700727314E-16,1.,0.));
#1600=DIRECTION('ref_axis',(0.707106781186546,0.,0.707106781186549));
#1601=DIRECTION('',(-2.93612700727314E-16,-1.,0.));
#1602=DIRECTION('center_axis',(0.707106781186551,0.707106781186544,3.14018491736753E-15));
#1603=DIRECTION('ref_axis',(0.707106781186544,-0.707106781186551,3.14018491736751E-15));
#1604=DIRECTION('',(2.93612700727314E-16,1.,0.));
#1605=DIRECTION('center_axis',(1.,-5.2245789394125E-17,0.));
#1606=DIRECTION('ref_axis',(0.,-0.707106781186546,0.707106781186549));
#1607=DIRECTION('',(-1.,5.2245789394125E-17,0.));
#1608=DIRECTION('center_axis',(0.707106781186549,-0.707106781186546,9.42055475210265E-15));
#1609=DIRECTION('ref_axis',(-0.707106781186546,-0.707106781186549,9.42055475210269E-15));
#1610=DIRECTION('',(1.,-5.2245789394125E-17,0.));
#1611=DIRECTION('center_axis',(2.93612700727314E-16,-1.,0.));
#1612=DIRECTION('ref_axis',(-0.707106781186546,0.,0.707106781186549));
#1613=DIRECTION('',(2.93612700727314E-16,-1.,0.));
#1614=DIRECTION('',(-2.93612700727314E-16,1.,0.));
#1615=DIRECTION('center_axis',(-1.,-2.93612700727314E-16,0.));
#1616=DIRECTION('ref_axis',(2.93612700727314E-16,-1.,0.));
#1617=DIRECTION('',(0.,0.,1.));
#1618=DIRECTION('',(2.93612700727314E-16,-1.,0.));
#1619=DIRECTION('',(0.,0.,1.));
#1620=DIRECTION('center_axis',(-1.56737368182375E-16,1.,0.));
#1621=DIRECTION('ref_axis',(-1.,-1.56737368182375E-16,0.));
#1622=DIRECTION('',(0.,0.,1.));
#1623=DIRECTION('',(-1.,-1.56737368182375E-16,0.));
#1624=DIRECTION('center_axis',(0.,0.,1.));
#1625=DIRECTION('ref_axis',(1.,0.,0.));
#1626=DIRECTION('center_axis',(0.,0.,1.));
#1627=DIRECTION('ref_axis',(-1.,0.,0.));
#1628=DIRECTION('',(1.,-5.2245789394125E-17,0.));
#1629=DIRECTION('',(2.93612700727314E-16,1.,0.));
#1630=DIRECTION('',(-1.55820775385987E-16,1.,0.));
#1631=DIRECTION('',(-1.,1.08978947202469E-16,0.));
#1632=DIRECTION('',(6.23283101543947E-16,-1.,0.));
#1633=DIRECTION('',(1.,2.17957894404939E-16,0.));
#1634=DIRECTION('center_axis',(1.,-2.93612700727314E-16,0.));
#1635=DIRECTION('ref_axis',(2.93612700727314E-16,1.,0.));
#1636=DIRECTION('',(0.,0.,1.));
#1637=DIRECTION('center_axis',(-5.2245789394125E-17,-1.,0.));
#1638=DIRECTION('ref_axis',(1.,-5.2245789394125E-17,0.));
#1639=DIRECTION('center_axis',(-1.,-1.55820775385987E-16,0.));
#1640=DIRECTION('ref_axis',(-1.55820775385987E-16,1.,0.));
#1641=DIRECTION('',(0.,0.,-1.));
#1642=DIRECTION('',(-1.55820775385987E-16,1.,0.));
#1643=DIRECTION('',(0.,0.,-1.));
#1644=DIRECTION('center_axis',(-1.08978947202469E-16,-1.,0.));
#1645=DIRECTION('ref_axis',(-1.,1.08978947202469E-16,0.));
#1646=DIRECTION('',(-1.,1.08978947202469E-16,0.));
#1647=DIRECTION('',(0.,0.,-1.));
#1648=DIRECTION('center_axis',(1.,6.23283101543947E-16,0.));
#1649=DIRECTION('ref_axis',(6.23283101543947E-16,-1.,0.));
#1650=DIRECTION('',(6.23283101543947E-16,-1.,0.));
#1651=DIRECTION('',(0.,0.,-1.));
#1652=DIRECTION('center_axis',(-2.17957894404939E-16,1.,0.));
#1653=DIRECTION('ref_axis',(1.,2.17957894404939E-16,0.));
#1654=DIRECTION('',(1.,2.17957894404939E-16,0.));
#1655=DIRECTION('center_axis',(0.,0.,-1.));
#1656=DIRECTION('ref_axis',(-1.,0.,0.));
#1657=CARTESIAN_POINT('',(0.,0.,0.));
#1658=CARTESIAN_POINT('Origin',(81.4999999999998,-40.5,34.5));
#1659=CARTESIAN_POINT('',(81.4999999999998,-38.25,34.5));
#1660=CARTESIAN_POINT('Origin',(81.5,-40.5,34.5));
#1661=CARTESIAN_POINT('',(75.4999999999998,-38.25,34.5));
#1662=CARTESIAN_POINT('',(81.4999999999998,-38.25,34.5));
#1663=CARTESIAN_POINT('Origin',(75.4999999999998,-40.5,34.5));
#1664=CARTESIAN_POINT('Origin',(75.4999999999998,-40.5,34.5));
#1665=CARTESIAN_POINT('Origin',(81.4999999999997,39.5,34.5));
#1666=CARTESIAN_POINT('',(81.4999999999997,41.75,34.5));
#1667=CARTESIAN_POINT('Origin',(81.4999999999999,39.5,34.5));
#1668=CARTESIAN_POINT('',(75.4999999999997,41.75,34.5));
#1669=CARTESIAN_POINT('',(81.4999999999997,41.75,34.5));
#1670=CARTESIAN_POINT('Origin',(75.4999999999997,39.5,34.5));
#1671=CARTESIAN_POINT('Origin',(75.4999999999997,39.5,34.5));
#1672=CARTESIAN_POINT('Origin',(-81.4999999999997,39.5,34.5));
#1673=CARTESIAN_POINT('',(-81.4999999999997,41.75,34.5));
#1674=CARTESIAN_POINT('Origin',(-81.4999999999998,39.5,34.5));
#1675=CARTESIAN_POINT('',(-75.4999999999997,41.75,34.5));
#1676=CARTESIAN_POINT('',(-81.4999999999997,41.75,34.5));
#1677=CARTESIAN_POINT('Origin',(-75.4999999999997,39.5,34.5));
#1678=CARTESIAN_POINT('Origin',(-75.4999999999997,39.5,34.5));
#1679=CARTESIAN_POINT('Origin',(-81.4999999999998,-40.5,34.5));
#1680=CARTESIAN_POINT('',(-81.4999999999998,-38.25,34.5));
#1681=CARTESIAN_POINT('Origin',(-81.4999999999999,-40.5,34.5));
#1682=CARTESIAN_POINT('',(-75.4999999999998,-38.25,34.5));
#1683=CARTESIAN_POINT('',(-81.4999999999998,-38.25,34.5));
#1684=CARTESIAN_POINT('Origin',(-75.4999999999998,-40.5,34.5));
#1685=CARTESIAN_POINT('Origin',(-75.4999999999998,-40.5,34.5));
#1686=CARTESIAN_POINT('Origin',(-10.,-4.,40.0000000000001));
#1687=CARTESIAN_POINT('',(-7.50000000000001,-4.,42.0000000000001));
#1688=CARTESIAN_POINT('',(-7.50000000000001,-4.,40.0000000000001));
#1689=CARTESIAN_POINT('',(-7.50000000000001,-4.,43.0000000000001));
#1690=CARTESIAN_POINT('',(7.49999999999999,-4.,40.0000000000001));
#1691=CARTESIAN_POINT('',(-5.00000000000001,-4.,40.0000000000001));
#1692=CARTESIAN_POINT('',(7.5,-4.,42.0000000000001));
#1693=CARTESIAN_POINT('',(7.49999999999999,-4.,43.0000000000001));
#1694=CARTESIAN_POINT('',(-10.,-4.,42.0000000000001));
#1695=CARTESIAN_POINT('Origin',(-7.5,9.50000000000001,40.0000000000001));
#1696=CARTESIAN_POINT('',(7.5,9.50000000000001,40.0000000000001));
#1697=CARTESIAN_POINT('',(-7.5,9.50000000000001,40.0000000000001));
#1698=CARTESIAN_POINT('',(-3.75,9.50000000000001,40.0000000000001));
#1699=CARTESIAN_POINT('',(7.5,9.50000000000001,42.0000000000001));
#1700=CARTESIAN_POINT('',(7.5,9.50000000000001,40.0000000000001));
#1701=CARTESIAN_POINT('',(-7.5,9.50000000000001,42.0000000000001));
#1702=CARTESIAN_POINT('',(9.99999999999999,9.50000000000001,42.0000000000001));
#1703=CARTESIAN_POINT('',(-7.5,9.50000000000001,40.0000000000001));
#1704=CARTESIAN_POINT('Origin',(-7.5,2.,40.0000000000001));
#1705=CARTESIAN_POINT('',(-7.5,2.,40.0000000000001));
#1706=CARTESIAN_POINT('',(-7.5,6.43303437365926,40.0000000000001));
#1707=CARTESIAN_POINT('',(-7.5,2.,42.0000000000001));
#1708=CARTESIAN_POINT('',(-7.5,9.50000000000001,42.0000000000001));
#1709=CARTESIAN_POINT('',(-7.5,2.,40.0000000000001));
#1710=CARTESIAN_POINT('Origin',(7.5,2.,40.0000000000001));
#1711=CARTESIAN_POINT('',(7.5,2.,40.0000000000001));
#1712=CARTESIAN_POINT('',(3.74999999999999,2.,40.0000000000001));
#1713=CARTESIAN_POINT('',(7.5,2.,42.0000000000001));
#1714=CARTESIAN_POINT('',(10.,2.,42.0000000000001));
#1715=CARTESIAN_POINT('',(7.5,2.,40.0000000000001));
#1716=CARTESIAN_POINT('Origin',(7.5,9.50000000000001,40.0000000000001));
#1717=CARTESIAN_POINT('',(7.5,10.1830343736593,40.0000000000001));
#1718=CARTESIAN_POINT('',(7.5,2.,42.0000000000001));
#1719=CARTESIAN_POINT('Origin',(9.99999999999998,15.5,40.0000000000001));
#1720=CARTESIAN_POINT('',(-10.,15.5,40.0000000000001));
#1721=CARTESIAN_POINT('',(9.99999999999999,15.5,40.0000000000001));
#1722=CARTESIAN_POINT('',(4.99999999999999,15.5,40.0000000000001));
#1723=CARTESIAN_POINT('',(-10.,15.5,42.0000000000001));
#1724=CARTESIAN_POINT('',(-10.,15.5,41.5000000000001));
#1725=CARTESIAN_POINT('',(9.99999999999999,15.5,42.0000000000001));
#1726=CARTESIAN_POINT('',(-10.,15.5,42.0000000000001));
#1727=CARTESIAN_POINT('',(10.,15.5,41.5000000000001));
#1728=CARTESIAN_POINT('Origin',(-7.7715611723761E-15,5.75000000000001,42.0000000000001));
#1729=CARTESIAN_POINT('',(-10.,-4.,42.0000000000001));
#1730=CARTESIAN_POINT('',(-3.75000000000001,-4.,42.0000000000001));
#1731=CARTESIAN_POINT('',(9.99999999999999,-4.,42.0000000000001));
#1732=CARTESIAN_POINT('',(4.99999999999999,-4.,42.0000000000001));
#1733=CARTESIAN_POINT('',(10.,16.875,42.0000000000001));
#1734=CARTESIAN_POINT('',(-10.,0.875000000000005,42.0000000000001));
#1735=CARTESIAN_POINT('Origin',(-10.,-3.99999999999999,43.0000000000001));
#1736=CARTESIAN_POINT('',(-10.,28.,40.0000000000001));
#1737=CARTESIAN_POINT('',(-10.,28.,40.0000000000001));
#1738=CARTESIAN_POINT('',(-10.,28.,41.536335495381));
#1739=CARTESIAN_POINT('',(-10.,28.,43.0000000000001));
#1740=CARTESIAN_POINT('',(-10.,16.1554944214035,42.0000000000001));
#1741=CARTESIAN_POINT('Ctrl Pts',(-10.,16.1554944214035,42.0000000000001));
#1742=CARTESIAN_POINT('Ctrl Pts',(-10.,20.0515515451396,42.0000000000001));
#1743=CARTESIAN_POINT('Ctrl Pts',(-10.,24.2200155884949,41.878941811136));
#1744=CARTESIAN_POINT('Ctrl Pts',(-10.,28.,41.536335495381));
#1745=CARTESIAN_POINT('',(-10.,14.9666295470958,43.0000000000001));
#1746=CARTESIAN_POINT('Ctrl Pts',(-10.,14.9666295470958,43.0000000000001));
#1747=CARTESIAN_POINT('Ctrl Pts',(-10.,15.1229133281478,43.0000000000001));
#1748=CARTESIAN_POINT('Ctrl Pts',(-10.,15.3077200823933,42.9680951931214));
#1749=CARTESIAN_POINT('Ctrl Pts',(-10.,15.5865757490204,42.8636871626292));
#1750=CARTESIAN_POINT('Ctrl Pts',(-10.,15.7329456603931,42.7776723842523));
#1751=CARTESIAN_POINT('Ctrl Pts',(-10.,15.9321129775332,42.5974474226877));
#1752=CARTESIAN_POINT('Ctrl Pts',(-10.,16.0240238667819,42.4756895724666));
#1753=CARTESIAN_POINT('Ctrl Pts',(-10.,16.1249300051879,42.2536031681594));
#1754=CARTESIAN_POINT('Ctrl Pts',(-10.,16.1554944214035,42.1168073193512));
#1755=CARTESIAN_POINT('Ctrl Pts',(-10.,16.1554944214035,42.0000000000001));
#1756=CARTESIAN_POINT('',(-10.,-4.,43.0000000000001));
#1757=CARTESIAN_POINT('',(-10.,-2.,43.0000000000001));
#1758=CARTESIAN_POINT('',(-10.,-4.,43.0000000000001));
#1759=CARTESIAN_POINT('Origin',(10.,28.,43.0000000000001));
#1760=CARTESIAN_POINT('',(9.99999999999999,-4.,43.0000000000001));
#1761=CARTESIAN_POINT('',(9.99999999999999,-4.,43.0000000000001));
#1762=CARTESIAN_POINT('',(10.,14.9666295470958,43.0000000000001));
#1763=CARTESIAN_POINT('',(10.,14.,43.0000000000001));
#1764=CARTESIAN_POINT('',(10.,16.1554944214035,42.0000000000001));
#1765=CARTESIAN_POINT('Ctrl Pts',(10.,16.1554944214035,42.0000000000001));
#1766=CARTESIAN_POINT('Ctrl Pts',(10.,16.1554944214035,42.1168073193512));
#1767=CARTESIAN_POINT('Ctrl Pts',(10.,16.1249300051879,42.2536031681594));
#1768=CARTESIAN_POINT('Ctrl Pts',(10.,16.0240238667819,42.4756895724666));
#1769=CARTESIAN_POINT('Ctrl Pts',(10.,15.9321129775332,42.5974474226877));
#1770=CARTESIAN_POINT('Ctrl Pts',(10.,15.7329456603931,42.7776723842523));
#1771=CARTESIAN_POINT('Ctrl Pts',(10.,15.5865757490204,42.8636871626292));
#1772=CARTESIAN_POINT('Ctrl Pts',(10.,15.3077200823933,42.9680951931214));
#1773=CARTESIAN_POINT('Ctrl Pts',(10.,15.1229133281478,43.0000000000001));
#1774=CARTESIAN_POINT('Ctrl Pts',(10.,14.9666295470958,43.0000000000001));
#1775=CARTESIAN_POINT('',(10.,28.,41.536335495381));
#1776=CARTESIAN_POINT('Ctrl Pts',(10.,28.,41.536335495381));
#1777=CARTESIAN_POINT('Ctrl Pts',(10.,24.220015588495,41.878941811136));
#1778=CARTESIAN_POINT('Ctrl Pts',(10.,20.0515515451397,42.0000000000001));
#1779=CARTESIAN_POINT('Ctrl Pts',(10.,16.1554944214035,42.0000000000001));
#1780=CARTESIAN_POINT('',(10.,28.,40.0000000000001));
#1781=CARTESIAN_POINT('',(10.,28.,43.0000000000001));
#1782=CARTESIAN_POINT('',(9.99999999999999,-4.,40.0000000000001));
#1783=CARTESIAN_POINT('Origin',(9.99999999999999,-4.,43.0000000000001));
#1784=CARTESIAN_POINT('',(7.49999999999999,-4.,43.0000000000001));
#1785=CARTESIAN_POINT('',(7.49999999999999,-4.,43.0000000000001));
#1786=CARTESIAN_POINT('',(5.,-4.,43.0000000000001));
#1787=CARTESIAN_POINT('Origin',(-7.89101904237168E-15,10.8660687473185,
40.0000000000001));
#1788=CARTESIAN_POINT('',(-7.50000000000001,-8.,40.0000000000001));
#1789=CARTESIAN_POINT('',(-7.50000000000001,-8.,40.0000000000001));
#1790=CARTESIAN_POINT('',(7.49999999999999,-8.,40.0000000000001));
#1791=CARTESIAN_POINT('',(7.49999999999999,-8.,40.0000000000001));
#1792=CARTESIAN_POINT('',(7.49999999999999,-4.,40.0000000000001));
#1793=CARTESIAN_POINT('Origin',(-7.89101904237168E-15,10.8660687473185,
40.0000000000001));
#1794=CARTESIAN_POINT('Origin',(-1.22968089462074E-15,2.24705331724964E-15,
40.0000000000001));
#1795=CARTESIAN_POINT('Origin',(-1.22968089462074E-15,2.24705331724964E-15,
43.0000000000001));
#1796=CARTESIAN_POINT('Ctrl Pts',(-9.99932918119408,27.9991345808269,41.5356696781527));
#1797=CARTESIAN_POINT('Ctrl Pts',(-8.89231281858048,28.3949262593128,41.5356696781527));
#1798=CARTESIAN_POINT('Ctrl Pts',(-7.7619176726018,28.7250581700558,41.5356696781527));
#1799=CARTESIAN_POINT('Ctrl Pts',(-6.61584559102195,28.9862184000398,41.5356696781527));
#1800=CARTESIAN_POINT('Ctrl Pts',(-2.27984334466636,29.9742813343608,41.5356696781527));
#1801=CARTESIAN_POINT('Ctrl Pts',(2.28055551855711,29.9750970020121,41.5356696781527));
#1802=CARTESIAN_POINT('Ctrl Pts',(6.61562721160274,28.985853556997,41.5356696781527));
#1803=CARTESIAN_POINT('Ctrl Pts',(7.76145333363083,28.7243812998803,41.5356696781527));
#1804=CARTESIAN_POINT('Ctrl Pts',(8.89153750916534,28.3937409190758,41.5356696781527));
#1805=CARTESIAN_POINT('Ctrl Pts',(9.9983529983123,27.9975652293748,41.5356696781527));
#1806=CARTESIAN_POINT('Origin',(-7.50000000000001,-4.,43.0000000000001));
#1807=CARTESIAN_POINT('',(-7.50000000000001,-4.,43.0000000000001));
#1808=CARTESIAN_POINT('',(-3.75,-4.,43.0000000000001));
#1809=CARTESIAN_POINT('',(-7.50000000000001,-4.,43.0000000000001));
#1810=CARTESIAN_POINT('Origin',(-7.50000000000001,-8.,43.0000000000001));
#1811=CARTESIAN_POINT('',(-7.50000000000001,-8.,43.0000000000001));
#1812=CARTESIAN_POINT('',(-7.50000000000001,-4.,43.0000000000001));
#1813=CARTESIAN_POINT('',(-7.50000000000001,-8.,43.0000000000001));
#1814=CARTESIAN_POINT('Origin',(7.49999999999999,-8.,43.0000000000001));
#1815=CARTESIAN_POINT('',(7.49999999999999,-8.,43.0000000000001));
#1816=CARTESIAN_POINT('',(3.75,-8.,43.0000000000001));
#1817=CARTESIAN_POINT('',(7.49999999999999,-8.,43.0000000000001));
#1818=CARTESIAN_POINT('Origin',(7.49999999999999,-4.,43.0000000000001));
#1819=CARTESIAN_POINT('',(7.49999999999999,-2.,43.0000000000001));
#1820=CARTESIAN_POINT('Origin',(-7.89101904237168E-15,10.8660687473185,
40.0000000000001));
#1821=CARTESIAN_POINT('Origin',(1.01936238473703E-15,2.66072679993315E-17,
43.0000000000001));
#1822=CARTESIAN_POINT('Origin',(-5.71944602149188E-17,2.6128526944764E-16,
43.0000000000001));
#1823=CARTESIAN_POINT('Origin',(-2.85972301074598E-17,2.09028215558114E-16,
42.0000000000001));
#1824=CARTESIAN_POINT('',(19.,2.53585713393809E-15,42.0000000000001));
#1825=CARTESIAN_POINT('Origin',(-2.85972301074598E-17,2.09028215558114E-16,
42.0000000000001));
#1826=CARTESIAN_POINT('Origin',(-2.85972301074598E-17,2.09028215558114E-16,
42.0000000000001));
#1827=CARTESIAN_POINT('Ctrl Pts',(19.,2.53585713393809E-15,42.0000000000001));
#1828=CARTESIAN_POINT('Ctrl Pts',(19.,2.84239335324791,42.0000000000001));
#1829=CARTESIAN_POINT('Ctrl Pts',(17.7039505824226,8.52558010728137,42.));
#1830=CARTESIAN_POINT('Ctrl Pts',(12.2514663459628,15.3624206517646,42.0000000000001));
#1831=CARTESIAN_POINT('Ctrl Pts',(4.37197322180852,19.1573162158803,42.));
#1832=CARTESIAN_POINT('Ctrl Pts',(-3.40003598876848,19.1558935853071,42.0000000000001));
#1833=CARTESIAN_POINT('Ctrl Pts',(-9.64284499934807,16.7010363377387,42.0000000000001));
#1834=CARTESIAN_POINT('Ctrl Pts',(-14.1374898164708,13.1181419516282,42.0000000000001));
#1835=CARTESIAN_POINT('Ctrl Pts',(-17.3757692906849,8.36748245079336,42.0000000000001));
#1836=CARTESIAN_POINT('Ctrl Pts',(-19.0706733658536,2.8744812009862,42.0000000000001));
#1837=CARTESIAN_POINT('Ctrl Pts',(-19.0701030838988,-2.87438731225871,42.0000000000001));
#1838=CARTESIAN_POINT('Ctrl Pts',(-17.3762388105467,-8.36792319512473,42.0000000000001));
#1839=CARTESIAN_POINT('Ctrl Pts',(-14.1374857407593,-13.1177060530641,42.0000000000001));
#1840=CARTESIAN_POINT('Ctrl Pts',(-9.64279020151395,-16.7019692326505,42.0000000000001));
#1841=CARTESIAN_POINT('Ctrl Pts',(-4.29160889375148,-18.8020116867743,42.0000000000001));
#1842=CARTESIAN_POINT('Ctrl Pts',(1.44160078862792,-19.232490837783,42.0000000000001));
#1843=CARTESIAN_POINT('Ctrl Pts',(7.04531744194684,-17.9518118353172,42.0000000000001));
#1844=CARTESIAN_POINT('Ctrl Pts',(12.8558902289935,-14.6012792402288,42.0000000000001));
#1845=CARTESIAN_POINT('Ctrl Pts',(17.7047533329994,-8.52640182221881,42.0000000000001));
#1846=CARTESIAN_POINT('Ctrl Pts',(19.,-2.84239335324791,42.0000000000001));
#1847=CARTESIAN_POINT('Ctrl Pts',(19.,-2.11780070282186E-15,42.0000000000001));
#1848=CARTESIAN_POINT('Ctrl Pts',(20.2458548049477,2.68843034384624E-15,
42.0000000000001));
#1849=CARTESIAN_POINT('Ctrl Pts',(20.2458548049477,3.0289960276114,42.0000000000001));
#1850=CARTESIAN_POINT('Ctrl Pts',(18.8648799533802,9.08452205293598,42.));
#1851=CARTESIAN_POINT('Ctrl Pts',(13.0548568324021,16.3698657906545,42.0000000000001));
#1852=CARTESIAN_POINT('Ctrl Pts',(4.65869494677735,20.4134792642241,42.));
#1853=CARTESIAN_POINT('Ctrl Pts',(-3.62296152640006,20.4120686406936,42.0000000000001));
#1854=CARTESIAN_POINT('Ctrl Pts',(-10.2751256373116,17.7961943359058,42.0000000000001));
#1855=CARTESIAN_POINT('Ctrl Pts',(-15.0645912814645,13.9783205247635,42.0000000000001));
#1856=CARTESIAN_POINT('Ctrl Pts',(-18.515169957846,8.91613725252841,42.0000000000001));
#1857=CARTESIAN_POINT('Ctrl Pts',(-20.321228565777,3.06307244438228,42.0000000000001));
#1858=CARTESIAN_POINT('Ctrl Pts',(-20.3205844151132,-3.06288515937982,42.0000000000001));
#1859=CARTESIAN_POINT('Ctrl Pts',(-18.5156787058785,-8.91666587348839,42.0000000000001));
#1860=CARTESIAN_POINT('Ctrl Pts',(-15.0645535786106,-13.977856614506,42.0000000000001));
#1861=CARTESIAN_POINT('Ctrl Pts',(-10.2750590261997,-17.7972275475855,42.0000000000001));
#1862=CARTESIAN_POINT('Ctrl Pts',(-4.57299916638888,-20.0349303803529,42.0000000000001));
#1863=CARTESIAN_POINT('Ctrl Pts',(1.53605390046017,-20.4936740101941,42.0000000000001));
#1864=CARTESIAN_POINT('Ctrl Pts',(7.50730459803205,-19.1289568803731,42.0000000000001));
#1865=CARTESIAN_POINT('Ctrl Pts',(13.6990301142833,-15.5587058832623,42.0000000000001));
#1866=CARTESIAN_POINT('Ctrl Pts',(18.8656894083198,-9.08543095075293,42.0000000000001));
#1867=CARTESIAN_POINT('Ctrl Pts',(20.2458548049477,-3.0289960276114,42.0000000000001));
#1868=CARTESIAN_POINT('Ctrl Pts',(20.2458548049477,-2.27037391273002E-15,
42.0000000000001));
#1869=CARTESIAN_POINT('Ctrl Pts',(22.8431478774064,3.00467200731136E-15,
41.964885098533));
#1870=CARTESIAN_POINT('Ctrl Pts',(22.8431478774064,3.4171835068002,41.964885098533));
#1871=CARTESIAN_POINT('Ctrl Pts',(21.2849079198191,10.2501159877102,41.964885098533));
#1872=CARTESIAN_POINT('Ctrl Pts',(14.7295525172267,18.4697205118092,41.9648850985331));
#1873=CARTESIAN_POINT('Ctrl Pts',(5.25626697587452,23.032289209411,41.964885098533));
#1874=CARTESIAN_POINT('Ctrl Pts',(-4.08777684239787,23.0305111734839,41.964885098533));
#1875=CARTESIAN_POINT('Ctrl Pts',(-11.5933208740846,20.0791390344981,41.9648850985331));
#1876=CARTESIAN_POINT('Ctrl Pts',(-16.9970367724292,15.771557732327,41.964885098533));
#1877=CARTESIAN_POINT('Ctrl Pts',(-20.8903511468601,10.0599886747556,41.964885098533));
#1878=CARTESIAN_POINT('Ctrl Pts',(-22.9280738462768,3.45583598423893,41.9648850985331));
#1879=CARTESIAN_POINT('Ctrl Pts',(-22.9274116474923,-3.45577915550198,41.964885098533));
#1880=CARTESIAN_POINT('Ctrl Pts',(-20.8909102135776,-10.0604806769388,41.9648850985331));
#1881=CARTESIAN_POINT('Ctrl Pts',(-16.997053305797,-15.7710332974513,41.964885098533));
#1882=CARTESIAN_POINT('Ctrl Pts',(-11.5932602736006,-20.0802354761717,41.9648850985331));
#1883=CARTESIAN_POINT('Ctrl Pts',(-5.15968702313157,-22.6050825724071,41.964885098533));
#1884=CARTESIAN_POINT('Ctrl Pts',(1.73324262404684,-23.1226111178262,41.964885098533));
#1885=CARTESIAN_POINT('Ctrl Pts',(8.47036983297688,-21.5829280171314,41.964885098533));
#1886=CARTESIAN_POINT('Ctrl Pts',(15.4561589144571,-17.5546926378894,41.964885098533));
#1887=CARTESIAN_POINT('Ctrl Pts',(21.2859025551393,-10.2510825154463,41.9648850985331));
#1888=CARTESIAN_POINT('Ctrl Pts',(22.8431478774064,-3.4171835068002,41.964885098533));
#1889=CARTESIAN_POINT('Ctrl Pts',(22.8431478774064,-2.69518775643667E-15,
41.964885098533));
#1890=CARTESIAN_POINT('Ctrl Pts',(28.1503428249726,3.64253784162536E-15,
41.7337565659079));
#1891=CARTESIAN_POINT('Ctrl Pts',(28.1503428249726,4.21159052558246,41.7337565659079));
#1892=CARTESIAN_POINT('Ctrl Pts',(26.2302005172539,12.63134717884,41.7337565659079));
#1893=CARTESIAN_POINT('Ctrl Pts',(18.1517991460322,22.7610701223529,41.7337565659079));
#1894=CARTESIAN_POINT('Ctrl Pts',(6.47756569141293,28.3834121069091,41.7337565659079));
#1895=CARTESIAN_POINT('Ctrl Pts',(-5.03745642072646,28.3814501276419,41.7337565659079));
#1896=CARTESIAN_POINT('Ctrl Pts',(-14.2867917217695,24.7442733615108,41.7337565659079));
#1897=CARTESIAN_POINT('Ctrl Pts',(-20.9461839387465,19.4358063961873,41.7337565659079));
#1898=CARTESIAN_POINT('Ctrl Pts',(-25.7439550488803,12.3972202783983,41.7337565659079));
#1899=CARTESIAN_POINT('Ctrl Pts',(-28.2551440012336,4.25897189995438,41.7337565659079));
#1900=CARTESIAN_POINT('Ctrl Pts',(-28.2542485704076,-4.25871200213933,41.7337565659079));
#1901=CARTESIAN_POINT('Ctrl Pts',(-25.7446623757207,-12.3979549428226,41.7337565659079));
#1902=CARTESIAN_POINT('Ctrl Pts',(-20.9461317099866,-19.4351613604408,41.7337565659079));
#1903=CARTESIAN_POINT('Ctrl Pts',(-14.2866991518735,-24.7457097369514,41.7337565659079));
#1904=CARTESIAN_POINT('Ctrl Pts',(-6.35841249545612,-27.8570679610339,41.7337565659079));
#1905=CARTESIAN_POINT('Ctrl Pts',(2.13576819047809,-28.4949163583841,41.7337565659079));
#1906=CARTESIAN_POINT('Ctrl Pts',(10.4383439582028,-26.5973798954378,41.7337565659079));
#1907=CARTESIAN_POINT('Ctrl Pts',(19.0474731080077,-21.6332137391016,41.7337565659079));
#1908=CARTESIAN_POINT('Ctrl Pts',(26.2313262710802,-12.6326107392005,41.7337565659079));
#1909=CARTESIAN_POINT('Ctrl Pts',(28.1503428249726,-4.21159052558246,41.7337565659079));
#1910=CARTESIAN_POINT('Ctrl Pts',(28.1503428249726,-4.04768264151682E-15,
41.7337565659079));
#1911=CARTESIAN_POINT('Ctrl Pts',(34.1274487128966,4.34156123901535E-15,
41.1030099099486));
#1912=CARTESIAN_POINT('Ctrl Pts',(34.1274487128966,5.10518954423956,41.1030099099486));
#1913=CARTESIAN_POINT('Ctrl Pts',(31.7994396404819,15.3135978848815,41.1030099099486));
#1914=CARTESIAN_POINT('Ctrl Pts',(22.0058029464141,27.5935640595807,41.1030099099486));
#1915=CARTESIAN_POINT('Ctrl Pts',(7.85280321018654,34.4100257171394,41.1030099099486));
#1916=CARTESIAN_POINT('Ctrl Pts',(-6.10710463191879,34.4073454961306,41.1030099099486));
#1917=CARTESIAN_POINT('Ctrl Pts',(-17.3203156796865,29.9980342666125,41.1030099099486));
#1918=CARTESIAN_POINT('Ctrl Pts',(-25.3933936551325,23.5625582459891,41.1030099099486));
#1919=CARTESIAN_POINT('Ctrl Pts',(-31.2099776574914,15.0295314469323,41.1030099099486));
#1920=CARTESIAN_POINT('Ctrl Pts',(-34.2543123060365,5.16296214170129,41.1030099099486));
#1921=CARTESIAN_POINT('Ctrl Pts',(-34.2533312500164,-5.16289700295099,41.1030099099486));
#1922=CARTESIAN_POINT('Ctrl Pts',(-31.2108109857142,-15.0302531333736,41.1030099099486));
#1923=CARTESIAN_POINT('Ctrl Pts',(-25.3934259129992,-23.5617746159095,41.1030099099486));
#1924=CARTESIAN_POINT('Ctrl Pts',(-17.3202270052717,-29.9996634723506,41.1030099099486));
#1925=CARTESIAN_POINT('Ctrl Pts',(-7.70852767955929,-33.7717709045869,41.1030099099486));
#1926=CARTESIAN_POINT('Ctrl Pts',(2.58946511102787,-34.5449452260756,41.1030099099486));
#1927=CARTESIAN_POINT('Ctrl Pts',(12.6546493616003,-32.2446872329364,41.1030099099486));
#1928=CARTESIAN_POINT('Ctrl Pts',(23.0913196906061,-26.2265457932283,41.1030099099486));
#1929=CARTESIAN_POINT('Ctrl Pts',(31.8009360217464,-15.3150343242093,41.1030099099486));
#1930=CARTESIAN_POINT('Ctrl Pts',(34.1274487128966,-5.10518954423956,41.1030099099486));
#1931=CARTESIAN_POINT('Ctrl Pts',(34.1274487128966,-6.6969191039167E-15,
41.1030099099486));
#1932=CARTESIAN_POINT('Ctrl Pts',(36.6865856511071,4.61458024346484E-15,
40.3301978484074));
#1933=CARTESIAN_POINT('Ctrl Pts',(36.6865856511071,5.48919043688925,40.3301978484074));
#1934=CARTESIAN_POINT('Ctrl Pts',(34.184311041458,16.4614471191216,40.3301978484074));
#1935=CARTESIAN_POINT('Ctrl Pts',(23.6562074932867,29.6633253753402,40.3301978484074));
#1936=CARTESIAN_POINT('Ctrl Pts',(8.44190708516744,36.9903146209339,40.3301978484074));
#1937=CARTESIAN_POINT('Ctrl Pts',(-6.56496065190019,36.9879875124783,40.3301978484074));
#1938=CARTESIAN_POINT('Ctrl Pts',(-18.6190553482615,32.2477752858562,40.3301978484074));
#1939=CARTESIAN_POINT('Ctrl Pts',(-27.2980464462867,25.3294846278586,40.3301978484074));
#1940=CARTESIAN_POINT('Ctrl Pts',(-33.5505970783685,16.1564977156154,40.3301978484074));
#1941=CARTESIAN_POINT('Ctrl Pts',(-36.82331108932,5.55068758485522,40.3301978484074));
#1942=CARTESIAN_POINT('Ctrl Pts',(-36.8220645176381,-5.55015845900697,40.3301978484074));
#1943=CARTESIAN_POINT('Ctrl Pts',(-33.551537317672,-16.1575838849937,40.3301978484074));
#1944=CARTESIAN_POINT('Ctrl Pts',(-27.2979055656315,-25.3286452387665,40.3301978484074));
#1945=CARTESIAN_POINT('Ctrl Pts',(-18.618916765767,-32.2497326669798,40.3301978484074));
#1946=CARTESIAN_POINT('Ctrl Pts',(-8.28648714070754,-36.3044797459839,40.3301978484074));
#1947=CARTESIAN_POINT('Ctrl Pts',(2.78325075909377,-37.1358294002804,40.3301978484074));
#1948=CARTESIAN_POINT('Ctrl Pts',(13.6036784873577,-34.6627524516815,40.3301978484074));
#1949=CARTESIAN_POINT('Ctrl Pts',(24.8237378524658,-28.1932215957073,40.3301978484075));
#1950=CARTESIAN_POINT('Ctrl Pts',(34.1856779087854,-16.4631665262306,40.3301978484074));
#1951=CARTESIAN_POINT('Ctrl Pts',(36.6865856511071,-5.48919043688925,40.3301978484074));
#1952=CARTESIAN_POINT('Ctrl Pts',(36.6865856511071,-9.35940488551875E-15,
40.3301978484074));
#1953=CARTESIAN_POINT('Ctrl Pts',(37.4020573437611,4.67450614718254E-15,
39.8002386170705));
#1954=CARTESIAN_POINT('Ctrl Pts',(37.4020573437611,5.59491601047364,39.8002386170705));
#1955=CARTESIAN_POINT('Ctrl Pts',(34.850636855108,16.7830260913725,39.8002386170705));
#1956=CARTESIAN_POINT('Ctrl Pts',(24.1172849027612,30.2411672037863,39.8002386170705));
#1957=CARTESIAN_POINT('Ctrl Pts',(8.60627175890688,37.7117524076766,39.8002386170705));
#1958=CARTESIAN_POINT('Ctrl Pts',(-6.69310670526602,37.7087544384835,39.8002386170705));
#1959=CARTESIAN_POINT('Ctrl Pts',(-18.9822481837506,32.8763875809273,39.8002386170705));
#1960=CARTESIAN_POINT('Ctrl Pts',(-27.8298987353319,25.8234380863465,39.8002386170705));
#1961=CARTESIAN_POINT('Ctrl Pts',(-34.2046200383612,16.4716570615242,39.8002386170705));
#1962=CARTESIAN_POINT('Ctrl Pts',(-37.5410556815161,5.65829845660307,39.8002386170705));
#1963=CARTESIAN_POINT('Ctrl Pts',(-37.5400014750131,-5.65827725748907,39.8002386170705));
#1964=CARTESIAN_POINT('Ctrl Pts',(-34.2055284701175,-16.4724140658088,39.8002386170705));
#1965=CARTESIAN_POINT('Ctrl Pts',(-27.8299532806517,-25.8225789367712,39.8002386170705));
#1966=CARTESIAN_POINT('Ctrl Pts',(-18.9821557299198,-32.8781505919512,39.8002386170705));
#1967=CARTESIAN_POINT('Ctrl Pts',(-8.44818824090767,-37.0122248140057,39.8002386170705));
#1968=CARTESIAN_POINT('Ctrl Pts',(2.83797323299769,-37.8595655065128,39.8002386170705));
#1969=CARTESIAN_POINT('Ctrl Pts',(13.86888311627,-35.3386282325361,39.8002386170705));
#1970=CARTESIAN_POINT('Ctrl Pts',(25.306892476824,-28.7430433063845,39.8002386170705));
#1971=CARTESIAN_POINT('Ctrl Pts',(34.8523032433354,-16.784581201513,39.8002386170705));
#1972=CARTESIAN_POINT('Ctrl Pts',(37.4020573437611,-5.59491601047365,39.8002386170705));
#1973=CARTESIAN_POINT('Ctrl Pts',(37.4020573437611,-1.10579180209102E-14,
39.8002386170705));
#1974=CARTESIAN_POINT('Ctrl Pts',(37.5,4.67740952713154E-15,39.6262690680691));
#1975=CARTESIAN_POINT('Ctrl Pts',(37.5,5.61141411717252,39.6262690680691));
#1976=CARTESIAN_POINT('Ctrl Pts',(34.9423799489933,16.8262180125721,39.6262690680691));
#1977=CARTESIAN_POINT('Ctrl Pts',(24.180818784819,30.3212777850728,39.6262690680691));
#1978=CARTESIAN_POINT('Ctrl Pts',(8.62918691252356,37.8104465858034,39.6262690680691));
#1979=CARTESIAN_POINT('Ctrl Pts',(-6.71047420067162,37.8083119417482,39.6262690680691));
#1980=CARTESIAN_POINT('Ctrl Pts',(-19.0318459011743,32.962886548651,39.6262690680691));
#1981=CARTESIAN_POINT('Ctrl Pts',(-27.9035017846446,25.8911008374567,39.6262690680691));
#1982=CARTESIAN_POINT('Ctrl Pts',(-34.2945934368194,16.514691614664,39.6262690680691));
#1983=CARTESIAN_POINT('Ctrl Pts',(-37.6399104781356,5.67400711568258,39.6262690680691));
#1984=CARTESIAN_POINT('Ctrl Pts',(-37.6385517204704,-5.67326403856381,39.6262690680691));
#1985=CARTESIAN_POINT('Ctrl Pts',(-34.2955740894129,-16.5159385722767,39.6262690680691));
#1986=CARTESIAN_POINT('Ctrl Pts',(-27.903280453116,-25.8902441604132,39.6262690680691));
#1987=CARTESIAN_POINT('Ctrl Pts',(-19.0316851920478,-32.964978067239,39.6262690680691));
#1988=CARTESIAN_POINT('Ctrl Pts',(-8.47017761367384,-37.1095292341502,39.6262690680691));
#1989=CARTESIAN_POINT('Ctrl Pts',(2.84478817978532,-37.95939824832,39.6262690680691));
#1990=CARTESIAN_POINT('Ctrl Pts',(13.9053372455149,-35.4313437933846,39.6262690680691));
#1991=CARTESIAN_POINT('Ctrl Pts',(25.3745057336425,-28.8183251649153,39.6262690680691));
#1992=CARTESIAN_POINT('Ctrl Pts',(34.9436706510155,-16.8280527353258,39.6262690680691));
#1993=CARTESIAN_POINT('Ctrl Pts',(37.5,-5.61141411717253,39.6262690680691));
#1994=CARTESIAN_POINT('Ctrl Pts',(37.5,-1.15987199123628E-14,39.6262690680691));
#1995=CARTESIAN_POINT('Ctrl Pts',(37.5,4.67081107763687E-15,39.5000000000001));
#1996=CARTESIAN_POINT('Ctrl Pts',(37.5,5.60998688141035,39.5000000000001));
#1997=CARTESIAN_POINT('Ctrl Pts',(34.9420077284657,16.8268028433185,39.5000000000001));
#1998=CARTESIAN_POINT('Ctrl Pts',(24.1805256828213,30.3205670758512,39.5000000000001));
#1999=CARTESIAN_POINT('Ctrl Pts',(8.62889451672733,37.8104925313428,39.5000000000001));
#2000=CARTESIAN_POINT('Ctrl Pts',(-6.71059734625359,37.8076847078431,39.5000000000001));
#2001=CARTESIAN_POINT('Ctrl Pts',(-19.0319309197659,32.962571719221,39.5000000000001));
#2002=CARTESIAN_POINT('Ctrl Pts',(-27.902940427245,25.8910696413714,39.5000000000001));
#2003=CARTESIAN_POINT('Ctrl Pts',(-34.2942814947727,16.5147679949869,39.5000000000001));
#2004=CARTESIAN_POINT('Ctrl Pts',(-37.6394869062901,5.67331815984118,39.5000000000001));
#2005=CARTESIAN_POINT('Ctrl Pts',(-37.6383613498002,-5.67313285314221,39.5000000000001));
#2006=CARTESIAN_POINT('Ctrl Pts',(-34.2952081787105,-16.5156378851146,39.5000000000001));
#2007=CARTESIAN_POINT('Ctrl Pts',(-27.9029323830777,-25.8902093152582,39.5000000000001));
#2008=CARTESIAN_POINT('Ctrl Pts',(-19.031822766146,-32.9644129591787,39.5000000000001));
#2009=CARTESIAN_POINT('Ctrl Pts',(-8.47028071135162,-37.1092335923178,39.5));
#2010=CARTESIAN_POINT('Ctrl Pts',(2.84526471439722,-37.9588634956242,39.5000000000001));
#2011=CARTESIAN_POINT('Ctrl Pts',(13.9052317933161,-35.431207569705,39.5000000000001));
#2012=CARTESIAN_POINT('Ctrl Pts',(25.3734675572241,-28.8183142899252,39.5000000000001));
#2013=CARTESIAN_POINT('Ctrl Pts',(34.943592104604,-16.8284246491161,39.5000000000001));
#2014=CARTESIAN_POINT('Ctrl Pts',(37.5,-5.60998688141036,39.5000000000001));
#2015=CARTESIAN_POINT('Ctrl Pts',(37.5,-1.19825342917405E-14,39.5000000000001));
#2016=CARTESIAN_POINT('',(37.5,4.67081107763687E-15,39.5000000000001));
#2017=CARTESIAN_POINT('Ctrl Pts',(19.,2.53585713393809E-15,42.0000000000001));
#2018=CARTESIAN_POINT('Ctrl Pts',(20.2458548049477,2.68843034384624E-15,
42.0000000000001));
#2019=CARTESIAN_POINT('Ctrl Pts',(22.8431478774064,3.00467200731136E-15,
41.964885098533));
#2020=CARTESIAN_POINT('Ctrl Pts',(28.1503428249726,3.64253784162536E-15,
41.7337565659079));
#2021=CARTESIAN_POINT('Ctrl Pts',(34.1274487128966,4.34156123901535E-15,
41.1030099099486));
#2022=CARTESIAN_POINT('Ctrl Pts',(36.6865856511071,4.61458024346484E-15,
40.3301978484074));
#2023=CARTESIAN_POINT('Ctrl Pts',(37.4020573437611,4.67450614718254E-15,
39.8002386170705));
#2024=CARTESIAN_POINT('Ctrl Pts',(37.5,4.67740952713154E-15,39.6262690680691));
#2025=CARTESIAN_POINT('Ctrl Pts',(37.5,4.67081107763687E-15,39.5000000000001));
#2026=CARTESIAN_POINT('Ctrl Pts',(37.5,4.67081107763687E-15,39.5000000000001));
#2027=CARTESIAN_POINT('Ctrl Pts',(37.5,5.60998688141035,39.5000000000001));
#2028=CARTESIAN_POINT('Ctrl Pts',(34.9420077284657,16.8268028433185,39.5000000000001));
#2029=CARTESIAN_POINT('Ctrl Pts',(24.1805256828213,30.3205670758512,39.5000000000001));
#2030=CARTESIAN_POINT('Ctrl Pts',(8.62889451672733,37.8104925313428,39.5000000000001));
#2031=CARTESIAN_POINT('Ctrl Pts',(-6.71059734625359,37.8076847078431,39.5000000000001));
#2032=CARTESIAN_POINT('Ctrl Pts',(-19.0319309197659,32.962571719221,39.5000000000001));
#2033=CARTESIAN_POINT('Ctrl Pts',(-27.902940427245,25.8910696413714,39.5000000000001));
#2034=CARTESIAN_POINT('Ctrl Pts',(-34.2942814947727,16.5147679949869,39.5000000000001));
#2035=CARTESIAN_POINT('Ctrl Pts',(-37.6394869062901,5.67331815984118,39.5000000000001));
#2036=CARTESIAN_POINT('Ctrl Pts',(-37.6383613498002,-5.67313285314221,39.5000000000001));
#2037=CARTESIAN_POINT('Ctrl Pts',(-34.2952081787105,-16.5156378851146,39.5000000000001));
#2038=CARTESIAN_POINT('Ctrl Pts',(-27.9029323830777,-25.8902093152582,39.5000000000001));
#2039=CARTESIAN_POINT('Ctrl Pts',(-19.031822766146,-32.9644129591787,39.5000000000001));
#2040=CARTESIAN_POINT('Ctrl Pts',(-8.47028071135162,-37.1092335923178,39.5));
#2041=CARTESIAN_POINT('Ctrl Pts',(2.84526471439722,-37.9588634956242,39.5000000000001));
#2042=CARTESIAN_POINT('Ctrl Pts',(13.9052317933161,-35.431207569705,39.5000000000001));
#2043=CARTESIAN_POINT('Ctrl Pts',(25.3734675572241,-28.8183142899252,39.5000000000001));
#2044=CARTESIAN_POINT('Ctrl Pts',(34.943592104604,-16.8284246491161,39.5000000000001));
#2045=CARTESIAN_POINT('Ctrl Pts',(37.5,-5.60998688141036,39.5000000000001));
#2046=CARTESIAN_POINT('Ctrl Pts',(37.5,-1.19825342917405E-14,39.5000000000001));
#2047=CARTESIAN_POINT('Origin',(-6.65927331867034E-31,7.88860905221012E-30,
38.0000000000001));
#2048=CARTESIAN_POINT('',(37.5,4.59242549680258E-15,38.0000000000001));
#2049=CARTESIAN_POINT('',(37.5,4.59242549680258E-15,38.0000000000001));
#2050=CARTESIAN_POINT('Origin',(-6.65927331867034E-31,7.42447317679228E-30,
38.0000000000001));
#2051=CARTESIAN_POINT('Origin',(19.3649167310371,-11.,41.0000000000001));
#2052=CARTESIAN_POINT('',(41.569219381653,-10.,41.0000000000001));
#2053=CARTESIAN_POINT('',(41.569219381653,-11.,42.0000000000001));
#2054=CARTESIAN_POINT('Origin',(41.569219381653,-11.,41.0000000000001));
#2055=CARTESIAN_POINT('',(46.7298334620742,-11.,42.0000000000001));
#2056=CARTESIAN_POINT('',(19.3649167310371,-11.,42.0000000000001));
#2057=CARTESIAN_POINT('',(46.7298334620742,-10.,41.0000000000001));
#2058=CARTESIAN_POINT('Origin',(46.7298334620742,-11.,41.0000000000001));
#2059=CARTESIAN_POINT('',(19.3649167310371,-10.,41.0000000000001));
#2060=CARTESIAN_POINT('Ctrl Pts',(41.569219381653,-10.,41.0000000000001));
#2061=CARTESIAN_POINT('Ctrl Pts',(41.1123458351209,-10.,41.0000000000001));
#2062=CARTESIAN_POINT('Ctrl Pts',(40.3516939769781,-10.,40.7483528992857));
#2063=CARTESIAN_POINT('Ctrl Pts',(39.6448697257875,-10.,39.912707941644));
#2064=CARTESIAN_POINT('Ctrl Pts',(39.496835316263,-10.,39.3045823643548));
#2065=CARTESIAN_POINT('Ctrl Pts',(39.496835316263,-10.,39.0000000000001));
#2066=CARTESIAN_POINT('Ctrl Pts',(41.569219381653,-10.,41.2991993003419));
#2067=CARTESIAN_POINT('Ctrl Pts',(41.0481937086512,-10.0004434169292,41.2882055292041));
#2068=CARTESIAN_POINT('Ctrl Pts',(40.1943524269074,-9.99985286548922,40.9845589799155));
#2069=CARTESIAN_POINT('Ctrl Pts',(39.4121398106784,-10.0003935813592,40.0299225411301));
#2070=CARTESIAN_POINT('Ctrl Pts',(39.2493732157377,-10.,39.3437821800139));
#2071=CARTESIAN_POINT('Ctrl Pts',(39.2493732157377,-10.,39.0000000000001));
#2072=CARTESIAN_POINT('Ctrl Pts',(41.569219381653,-10.2512546872928,41.8170493385224));
#2073=CARTESIAN_POINT('Ctrl Pts',(40.9379992404316,-10.2319792991814,41.7885553473586));
#2074=CARTESIAN_POINT('Ctrl Pts',(39.9214243929591,-10.2014753196592,41.3942658677933));
#2075=CARTESIAN_POINT('Ctrl Pts',(39.0075583820894,-10.1740376479054,40.2344220031883));
#2076=CARTESIAN_POINT('Ctrl Pts',(38.8185458568657,-10.1685102678004,39.4117865827417));
#2077=CARTESIAN_POINT('Ctrl Pts',(38.8185458568657,-10.1685102678004,39.));
#2078=CARTESIAN_POINT('Ctrl Pts',(41.569219381653,-10.7756005247436,42.0000000000001));
#2079=CARTESIAN_POINT('Ctrl Pts',(40.8986846312487,-10.7270622228886,41.9872032903215));
#2080=CARTESIAN_POINT('Ctrl Pts',(39.7990250045761,-10.6458309106626,41.5919055552431));
#2081=CARTESIAN_POINT('Ctrl Pts',(38.7926582264964,-10.5690104849603,40.3455620607991));
#2082=CARTESIAN_POINT('Ctrl Pts',(38.5832920726793,-10.5529151860098,39.4490587562282));
#2083=CARTESIAN_POINT('Ctrl Pts',(38.5832920726793,-10.5529151860098,39.0000000000001));
#2084=CARTESIAN_POINT('Ctrl Pts',(41.569219381653,-11.,42.0000000000001));
#2085=CARTESIAN_POINT('Ctrl Pts',(40.8988581422038,-10.9435071272201,42.0000000000001));
#2086=CARTESIAN_POINT('Ctrl Pts',(39.7841027168775,-10.8462216580769,41.6225293489284));
#2087=CARTESIAN_POINT('Ctrl Pts',(38.7499290806207,-10.75184474187,40.369061912466));
#2088=CARTESIAN_POINT('Ctrl Pts',(38.5334978695249,-10.7317073170732,39.4568735465321));
#2089=CARTESIAN_POINT('Ctrl Pts',(38.5334978695249,-10.7317073170732,39.0000000000001));
#2090=CARTESIAN_POINT('',(39.496835316263,-10.,39.0000000000001));
#2091=CARTESIAN_POINT('',(38.5334978695249,-10.7317073170732,39.0000000000001));
#2092=CARTESIAN_POINT('Origin',(39.496835316263,-11.,39.0000000000001));
#2093=CARTESIAN_POINT('Ctrl Pts',(38.5334978695249,-10.7317073170732,39.0000000000001));
#2094=CARTESIAN_POINT('Ctrl Pts',(38.5334978695249,-10.7317073170732,39.4568735465321));
#2095=CARTESIAN_POINT('Ctrl Pts',(38.7499290806207,-10.75184474187,40.369061912466));
#2096=CARTESIAN_POINT('Ctrl Pts',(39.7841027168775,-10.8462216580769,41.6225293489284));
#2097=CARTESIAN_POINT('Ctrl Pts',(40.8988581422038,-10.9435071272201,42.0000000000001));
#2098=CARTESIAN_POINT('Ctrl Pts',(41.569219381653,-11.,42.0000000000001));
#2099=CARTESIAN_POINT('Ctrl Pts',(41.569219381653,-10.,41.0000000000001));
#2100=CARTESIAN_POINT('Ctrl Pts',(41.1123458351209,-10.,41.0000000000001));
#2101=CARTESIAN_POINT('Ctrl Pts',(40.3516939769781,-10.,40.7483528992857));
#2102=CARTESIAN_POINT('Ctrl Pts',(39.6448697257875,-10.,39.912707941644));
#2103=CARTESIAN_POINT('Ctrl Pts',(39.496835316263,-10.,39.3045823643548));
#2104=CARTESIAN_POINT('Ctrl Pts',(39.496835316263,-10.,39.0000000000001));
#2105=CARTESIAN_POINT('Origin',(39.496835316263,-11.,41.0000000000001));
#2106=CARTESIAN_POINT('',(39.496835316263,-10.,38.0000000000001));
#2107=CARTESIAN_POINT('',(38.5334978695249,-10.7317073170732,38.0000000000001));
#2108=CARTESIAN_POINT('Origin',(39.496835316263,-11.,38.0000000000001));
#2109=CARTESIAN_POINT('',(38.5334978695249,-10.7317073170732,41.0000000000001));
#2110=CARTESIAN_POINT('',(39.496835316263,-10.,41.0000000000001));
#2111=CARTESIAN_POINT('Origin',(38.7298334620742,-10.,42.0000000000001));
#2112=CARTESIAN_POINT('',(46.7298334620742,-10.,38.0000000000001));
#2113=CARTESIAN_POINT('',(46.7298334620742,-10.,42.0000000000001));
#2114=CARTESIAN_POINT('',(46.7298334620742,-10.,38.0000000000001));
#2115=CARTESIAN_POINT('Origin',(39.496835316263,11.,41.0000000000001));
#2116=CARTESIAN_POINT('',(39.496835316263,10.,39.));
#2117=CARTESIAN_POINT('',(38.5334978695249,10.7317073170732,39.));
#2118=CARTESIAN_POINT('Origin',(39.496835316263,11.,39.));
#2119=CARTESIAN_POINT('',(38.5334978695249,10.7317073170732,38.0000000000001));
#2120=CARTESIAN_POINT('',(38.5334978695249,10.7317073170732,41.0000000000001));
#2121=CARTESIAN_POINT('',(39.496835316263,10.,38.0000000000001));
#2122=CARTESIAN_POINT('Origin',(39.496835316263,11.,38.0000000000001));
#2123=CARTESIAN_POINT('',(39.496835316263,10.,41.0000000000001));
#2124=CARTESIAN_POINT('Ctrl Pts',(39.496835316263,10.,39.));
#2125=CARTESIAN_POINT('Ctrl Pts',(39.496835316263,10.,39.4568799006659));
#2126=CARTESIAN_POINT('Ctrl Pts',(39.8967057549202,10.,40.5183759547699));
#2127=CARTESIAN_POINT('Ctrl Pts',(40.9600461807653,10.,41.0000000000001));
#2128=CARTESIAN_POINT('Ctrl Pts',(41.5692193816531,10.,41.0000000000001));
#2129=CARTESIAN_POINT('Ctrl Pts',(39.2493732157377,10.,39.));
#2130=CARTESIAN_POINT('Ctrl Pts',(39.2493732157377,10.,39.5156804419328));
#2131=CARTESIAN_POINT('Ctrl Pts',(39.6878026480134,10.0003249220979,40.7137168377074));
#2132=CARTESIAN_POINT('Ctrl Pts',(40.874508822514,10.0005912307949,41.2845407349584));
#2133=CARTESIAN_POINT('Ctrl Pts',(41.5692193816531,10.,41.2991993003419));
#2134=CARTESIAN_POINT('Ctrl Pts',(38.8185458568657,10.1685102678003,39.));
#2135=CARTESIAN_POINT('Ctrl Pts',(38.8185458568657,10.1685102678003,39.617688464718));
#2136=CARTESIAN_POINT('Ctrl Pts',(39.3251341483984,10.1834684364366,41.0540204412783));
#2137=CARTESIAN_POINT('Ctrl Pts',(40.7275808214624,10.2255538123717,41.7790568219167));
#2138=CARTESIAN_POINT('Ctrl Pts',(41.5692193816531,10.2512546872928,41.8170493385224));
#2139=CARTESIAN_POINT('Ctrl Pts',(38.5832920726793,10.5529151860098,39.));
#2140=CARTESIAN_POINT('Ctrl Pts',(38.5832920726793,10.5529151860098,39.673597502512));
#2141=CARTESIAN_POINT('Ctrl Pts',(39.1469304633482,10.59670954217,41.2389865146571));
#2142=CARTESIAN_POINT('Ctrl Pts',(40.6751606135091,10.7108818888517,41.9829374831288));
#2143=CARTESIAN_POINT('Ctrl Pts',(41.5692193816531,10.7756005247436,42.0000000000001));
#2144=CARTESIAN_POINT('Ctrl Pts',(38.5334978695249,10.7317073170732,39.));
#2145=CARTESIAN_POINT('Ctrl Pts',(38.5334978695249,10.7317073170732,39.6853198509982));
#2146=CARTESIAN_POINT('Ctrl Pts',(39.117884149502,10.7866593678461,41.2775639321546));
#2147=CARTESIAN_POINT('Ctrl Pts',(40.6753919646668,10.9246751220334,42.0000000000001));
#2148=CARTESIAN_POINT('Ctrl Pts',(41.5692193816531,11.,42.0000000000001));
#2149=CARTESIAN_POINT('',(41.5692193816531,10.,41.0000000000001));
#2150=CARTESIAN_POINT('',(41.5692193816531,11.,42.0000000000001));
#2151=CARTESIAN_POINT('Origin',(41.5692193816531,11.,41.0000000000001));
#2152=CARTESIAN_POINT('Ctrl Pts',(41.5692193816531,11.,42.0000000000001));
#2153=CARTESIAN_POINT('Ctrl Pts',(40.6753919646668,10.9246751220334,42.0000000000001));
#2154=CARTESIAN_POINT('Ctrl Pts',(39.117884149502,10.7866593678461,41.2775639321546));
#2155=CARTESIAN_POINT('Ctrl Pts',(38.5334978695249,10.7317073170732,39.6853198509982));
#2156=CARTESIAN_POINT('Ctrl Pts',(38.5334978695249,10.7317073170732,39.));
#2157=CARTESIAN_POINT('Ctrl Pts',(39.496835316263,10.,39.));
#2158=CARTESIAN_POINT('Ctrl Pts',(39.496835316263,10.,39.4568799006659));
#2159=CARTESIAN_POINT('Ctrl Pts',(39.8967057549202,10.,40.5183759547699));
#2160=CARTESIAN_POINT('Ctrl Pts',(40.9600461807653,10.,41.0000000000001));
#2161=CARTESIAN_POINT('Ctrl Pts',(41.5692193816531,10.,41.0000000000001));
#2162=CARTESIAN_POINT('Origin',(23.3649167310371,11.,41.0000000000001));
#2163=CARTESIAN_POINT('',(46.7298334620742,10.,41.0000000000001));
#2164=CARTESIAN_POINT('',(46.7298334620742,11.,42.0000000000001));
#2165=CARTESIAN_POINT('Origin',(46.7298334620742,11.,41.0000000000001));
#2166=CARTESIAN_POINT('',(23.3649167310371,11.,42.0000000000001));
#2167=CARTESIAN_POINT('',(23.3649167310371,10.,41.0000000000001));
#2168=CARTESIAN_POINT('Origin',(46.7298334620742,10.,42.0000000000001));
#2169=CARTESIAN_POINT('',(46.7298334620742,10.,38.0000000000001));
#2170=CARTESIAN_POINT('',(38.7298334620742,10.,38.0000000000001));
#2171=CARTESIAN_POINT('',(46.7298334620742,10.,42.0000000000001));
#2172=CARTESIAN_POINT('Origin',(-47.7298334620742,-5.,41.0000000000001));
#2173=CARTESIAN_POINT('',(-46.7298334620742,-10.,41.0000000000001));
#2174=CARTESIAN_POINT('',(-46.7298334620742,10.,41.0000000000001));
#2175=CARTESIAN_POINT('',(-46.7298334620742,-5.,41.0000000000001));
#2176=CARTESIAN_POINT('',(-47.7298334620742,11.,42.0000000000001));
#2177=CARTESIAN_POINT('Origin',(-47.7298334620742,11.,41.0000000000001));
#2178=CARTESIAN_POINT('',(-47.7298334620742,-11.,42.0000000000001));
#2179=CARTESIAN_POINT('',(-47.7298334620742,-5.,42.0000000000001));
#2180=CARTESIAN_POINT('Origin',(-47.7298334620742,-11.,41.0000000000001));
#2181=CARTESIAN_POINT('Origin',(-23.3649167310371,11.,41.0000000000001));
#2182=CARTESIAN_POINT('',(-41.569219381653,10.,41.0000000000001));
#2183=CARTESIAN_POINT('',(-23.3649167310371,10.,41.0000000000001));
#2184=CARTESIAN_POINT('',(-41.569219381653,11.,42.0000000000001));
#2185=CARTESIAN_POINT('Origin',(-41.569219381653,11.,41.0000000000001));
#2186=CARTESIAN_POINT('',(-23.3649167310371,11.,42.0000000000001));
#2187=CARTESIAN_POINT('Ctrl Pts',(-41.569219381653,10.,41.0000000000001));
#2188=CARTESIAN_POINT('Ctrl Pts',(-40.9600546529432,10.,41.0000000000001));
#2189=CARTESIAN_POINT('Ctrl Pts',(-39.8966757857285,10.,40.5183583850707));
#2190=CARTESIAN_POINT('Ctrl Pts',(-39.496835316263,10.,39.4568735465323));
#2191=CARTESIAN_POINT('Ctrl Pts',(-39.496835316263,10.,39.0000000000001));
#2192=CARTESIAN_POINT('Ctrl Pts',(-41.569219381653,10.,41.2991993003419));
#2193=CARTESIAN_POINT('Ctrl Pts',(-40.8745184843168,10.0005912225722,41.2845409388249));
#2194=CARTESIAN_POINT('Ctrl Pts',(-39.687769104518,10.0003249461849,40.713696366862));
#2195=CARTESIAN_POINT('Ctrl Pts',(-39.2493732157377,10.,39.515673270021));
#2196=CARTESIAN_POINT('Ctrl Pts',(-39.2493732157377,10.,39.0000000000001));
#2197=CARTESIAN_POINT('Ctrl Pts',(-41.569219381653,10.2512546872928,41.8170493385224));
#2198=CARTESIAN_POINT('Ctrl Pts',(-40.7275925266905,10.2255541698109,41.779057350304));
#2199=CARTESIAN_POINT('Ctrl Pts',(-39.3250944036034,10.1834672351016,41.0539950119263));
#2200=CARTESIAN_POINT('Ctrl Pts',(-38.8185458568657,10.1685102678003,39.6176798741127));
#2201=CARTESIAN_POINT('Ctrl Pts',(-38.8185458568657,10.1685102678003,39.0000000000001));
#2202=CARTESIAN_POINT('Ctrl Pts',(-41.569219381653,10.7756005247436,42.0000000000001));
#2203=CARTESIAN_POINT('Ctrl Pts',(-40.6751730477799,10.710882788937,41.9829377204286));
#2204=CARTESIAN_POINT('Ctrl Pts',(-39.1468872930971,10.5967063159421,41.2389598344074));
#2205=CARTESIAN_POINT('Ctrl Pts',(-38.5832920726793,10.5529151860098,39.6735881343425));
#2206=CARTESIAN_POINT('Ctrl Pts',(-38.5832920726793,10.5529151860098,39.0000000000001));
#2207=CARTESIAN_POINT('Ctrl Pts',(-41.569219381653,11.,42.0000000000001));
#2208=CARTESIAN_POINT('Ctrl Pts',(-40.6754043957201,10.9246761696267,42.0000000000001));
#2209=CARTESIAN_POINT('Ctrl Pts',(-39.1178402506497,10.7866554847042,41.277537577606));
#2210=CARTESIAN_POINT('Ctrl Pts',(-38.5334978695249,10.7317073170732,39.6853103197983));
#2211=CARTESIAN_POINT('Ctrl Pts',(-38.5334978695249,10.7317073170732,39.0000000000001));
#2212=CARTESIAN_POINT('',(-39.496835316263,10.,39.0000000000001));
#2213=CARTESIAN_POINT('',(-38.5334978695249,10.7317073170732,39.0000000000001));
#2214=CARTESIAN_POINT('Origin',(-39.496835316263,11.,39.0000000000001));
#2215=CARTESIAN_POINT('Ctrl Pts',(-38.5334978695249,10.7317073170732,39.0000000000001));
#2216=CARTESIAN_POINT('Ctrl Pts',(-38.5334978695249,10.7317073170732,39.6853103197983));
#2217=CARTESIAN_POINT('Ctrl Pts',(-39.1178402506497,10.7866554847042,41.277537577606));
#2218=CARTESIAN_POINT('Ctrl Pts',(-40.6754043957201,10.9246761696267,42.0000000000001));
#2219=CARTESIAN_POINT('Ctrl Pts',(-41.569219381653,11.,42.0000000000001));
#2220=CARTESIAN_POINT('Ctrl Pts',(-41.569219381653,10.,41.0000000000001));
#2221=CARTESIAN_POINT('Ctrl Pts',(-40.9600546529432,10.,41.0000000000001));
#2222=CARTESIAN_POINT('Ctrl Pts',(-39.8966757857285,10.,40.5183583850707));
#2223=CARTESIAN_POINT('Ctrl Pts',(-39.496835316263,10.,39.4568735465323));
#2224=CARTESIAN_POINT('Ctrl Pts',(-39.496835316263,10.,39.0000000000001));
#2225=CARTESIAN_POINT('Origin',(-39.496835316263,11.,41.0000000000001));
#2226=CARTESIAN_POINT('',(-39.496835316263,10.,38.0000000000001));
#2227=CARTESIAN_POINT('',(-38.5334978695249,10.7317073170732,38.0000000000001));
#2228=CARTESIAN_POINT('Origin',(-39.496835316263,11.,38.0000000000001));
#2229=CARTESIAN_POINT('',(-38.5334978695249,10.7317073170732,41.0000000000001));
#2230=CARTESIAN_POINT('',(-39.496835316263,10.,41.0000000000001));
#2231=CARTESIAN_POINT('Origin',(-39.496835316263,-11.,41.0000000000001));
#2232=CARTESIAN_POINT('',(-39.496835316263,-10.,39.));
#2233=CARTESIAN_POINT('',(-38.5334978695249,-10.7317073170732,39.));
#2234=CARTESIAN_POINT('Origin',(-39.496835316263,-11.,39.));
#2235=CARTESIAN_POINT('',(-38.5334978695249,-10.7317073170732,38.0000000000001));
#2236=CARTESIAN_POINT('',(-38.5334978695249,-10.7317073170732,41.0000000000001));
#2237=CARTESIAN_POINT('',(-39.496835316263,-10.,38.0000000000001));
#2238=CARTESIAN_POINT('Origin',(-39.496835316263,-11.,38.0000000000001));
#2239=CARTESIAN_POINT('',(-39.496835316263,-10.,41.0000000000001));
#2240=CARTESIAN_POINT('Ctrl Pts',(-39.496835316263,-10.,39.0000000000001));
#2241=CARTESIAN_POINT('Ctrl Pts',(-39.496835316263,-10.,39.4568799006706));
#2242=CARTESIAN_POINT('Ctrl Pts',(-39.8967057549178,-10.,40.518375954761));
#2243=CARTESIAN_POINT('Ctrl Pts',(-40.960046180759,-10.,41.0000000000001));
#2244=CARTESIAN_POINT('Ctrl Pts',(-41.569219381653,-10.,41.0000000000001));
#2245=CARTESIAN_POINT('Ctrl Pts',(-39.2493732157377,-10.,39.0000000000001));
#2246=CARTESIAN_POINT('Ctrl Pts',(-39.2493732157377,-10.,39.5156804419382));
#2247=CARTESIAN_POINT('Ctrl Pts',(-39.6878026480109,-10.0003249220979,40.7137168376974));
#2248=CARTESIAN_POINT('Ctrl Pts',(-40.8745088225068,-10.0005912307949,41.2845407349582));
#2249=CARTESIAN_POINT('Ctrl Pts',(-41.569219381653,-10.,41.2991993003419));
#2250=CARTESIAN_POINT('Ctrl Pts',(-38.8185458568657,-10.1685102678004,39.));
#2251=CARTESIAN_POINT('Ctrl Pts',(-38.8185458568657,-10.1685102678004,39.6176884647245));
#2252=CARTESIAN_POINT('Ctrl Pts',(-39.3251341483957,-10.1834684364365,41.0540204412663));
#2253=CARTESIAN_POINT('Ctrl Pts',(-40.7275808214537,-10.2255538123714,41.7790568219163));
#2254=CARTESIAN_POINT('Ctrl Pts',(-41.569219381653,-10.2512546872928,41.8170493385224));
#2255=CARTESIAN_POINT('Ctrl Pts',(-38.5832920726793,-10.5529151860098,39.0000000000001));
#2256=CARTESIAN_POINT('Ctrl Pts',(-38.5832920726793,-10.5529151860098,39.6735975025191));
#2257=CARTESIAN_POINT('Ctrl Pts',(-39.146930463345,-10.5967095421697,41.2389865146441));
#2258=CARTESIAN_POINT('Ctrl Pts',(-40.6751606134998,-10.7108818888511,41.9829374831287));
#2259=CARTESIAN_POINT('Ctrl Pts',(-41.569219381653,-10.7756005247436,42.0000000000001));
#2260=CARTESIAN_POINT('Ctrl Pts',(-38.5334978695249,-10.7317073170732,39.0000000000001));
#2261=CARTESIAN_POINT('Ctrl Pts',(-38.5334978695249,-10.7317073170732,39.6853198510054));
#2262=CARTESIAN_POINT('Ctrl Pts',(-39.1178841494985,-10.7866593678457,41.2775639321414));
#2263=CARTESIAN_POINT('Ctrl Pts',(-40.6753919646575,-10.9246751220326,42.0000000000001));
#2264=CARTESIAN_POINT('Ctrl Pts',(-41.569219381653,-11.,42.0000000000001));
#2265=CARTESIAN_POINT('',(-41.569219381653,-10.,41.0000000000001));
#2266=CARTESIAN_POINT('',(-41.569219381653,-11.,42.0000000000001));
#2267=CARTESIAN_POINT('Origin',(-41.569219381653,-11.,41.0000000000001));
#2268=CARTESIAN_POINT('Ctrl Pts',(-41.569219381653,-11.,42.0000000000001));
#2269=CARTESIAN_POINT('Ctrl Pts',(-40.6753919646575,-10.9246751220326,42.0000000000001));
#2270=CARTESIAN_POINT('Ctrl Pts',(-39.1178841494985,-10.7866593678457,41.2775639321414));
#2271=CARTESIAN_POINT('Ctrl Pts',(-38.5334978695249,-10.7317073170732,39.6853198510054));
#2272=CARTESIAN_POINT('Ctrl Pts',(-38.5334978695249,-10.7317073170732,39.0000000000001));
#2273=CARTESIAN_POINT('Ctrl Pts',(-39.496835316263,-10.,39.0000000000001));
#2274=CARTESIAN_POINT('Ctrl Pts',(-39.496835316263,-10.,39.4568799006706));
#2275=CARTESIAN_POINT('Ctrl Pts',(-39.8967057549178,-10.,40.518375954761));
#2276=CARTESIAN_POINT('Ctrl Pts',(-40.960046180759,-10.,41.0000000000001));
#2277=CARTESIAN_POINT('Ctrl Pts',(-41.569219381653,-10.,41.0000000000001));
#2278=CARTESIAN_POINT('Origin',(-19.3649167310371,-11.,41.0000000000001));
#2279=CARTESIAN_POINT('',(-19.3649167310371,-11.,42.0000000000001));
#2280=CARTESIAN_POINT('',(-19.3649167310371,-10.,41.0000000000001));
#2281=CARTESIAN_POINT('Origin',(-46.7298334620742,10.,42.0000000000001));
#2282=CARTESIAN_POINT('',(-46.7298334620742,10.,38.0000000000001));
#2283=CARTESIAN_POINT('',(-46.7298334620742,10.,42.0000000000001));
#2284=CARTESIAN_POINT('',(-38.7298334620742,10.,38.0000000000001));
#2285=CARTESIAN_POINT('Origin',(-46.7298334620742,-10.,42.0000000000001));
#2286=CARTESIAN_POINT('',(-46.7298334620742,-10.,38.0000000000001));
#2287=CARTESIAN_POINT('',(-46.7298334620742,-10.,42.0000000000001));
#2288=CARTESIAN_POINT('',(-46.7298334620742,10.,38.0000000000001));
#2289=CARTESIAN_POINT('Origin',(-38.7298334620742,-10.,42.0000000000001));
#2290=CARTESIAN_POINT('',(-46.7298334620742,-10.,38.0000000000001));
#2291=CARTESIAN_POINT('Origin',(-6.26184737575731E-23,-1.04514104959949E-16,
39.0000000000001));
#2292=CARTESIAN_POINT('Origin',(-6.26184737575731E-23,-1.04514104959949E-16,
39.0000000000001));
#2293=CARTESIAN_POINT('Origin',(-8.57917529408508E-17,5.22570524799798E-17,
42.0000000000001));
#2294=CARTESIAN_POINT('Origin',(-6.26184737575731E-23,5.22570524799802E-17,
42.0000000000001));
#2295=CARTESIAN_POINT('',(-49.,-5.94851226334205E-15,42.0000000000001));
#2296=CARTESIAN_POINT('Origin',(-2.85973553444064E-17,5.22570524799807E-17,
42.0000000000001));
#2297=CARTESIAN_POINT('Origin',(-8.57917529408508E-17,5.22570524799798E-17,
42.0000000000001));
#2298=CARTESIAN_POINT('',(46.7298334620742,-5.,42.0000000000001));
#2299=CARTESIAN_POINT('Origin',(-6.26184737575731E-23,-1.04514104959949E-16,
39.0000000000001));
#2300=CARTESIAN_POINT('Origin',(-6.26184737575731E-23,-1.04514104959949E-16,
39.0000000000001));
#2301=CARTESIAN_POINT('Origin',(46.7298334620742,-10.,42.0000000000001));
#2302=CARTESIAN_POINT('',(46.7298334620742,10.,38.0000000000001));
#2303=CARTESIAN_POINT('Origin',(-6.26184737575731E-23,3.94430452610506E-30,
41.0000000000001));
#2304=CARTESIAN_POINT('Origin',(-6.26184737575731E-23,-1.56771157439925E-16,
38.0000000000001));
#2305=CARTESIAN_POINT('Origin',(-1.25236947515146E-22,4.63829261215354E-30,
41.0000000000001));
#2306=CARTESIAN_POINT('',(-50.,-6.12323399573677E-15,41.));
#2307=CARTESIAN_POINT('Origin',(-49.,-6.00076931582203E-15,41.0000000000001));
#2308=CARTESIAN_POINT('Origin',(-1.25236947515146E-22,1.38797617209695E-30,
41.));
#2309=CARTESIAN_POINT('Origin',(-6.26184737575731E-23,3.94430452610506E-30,
41.0000000000001));
#2310=CARTESIAN_POINT('Origin',(-6.26184737575731E-23,-1.56771157439925E-16,
38.0000000000001));
#2311=CARTESIAN_POINT('Origin',(-6.26184737575731E-23,-1.56771157439925E-16,
38.0000000000001));
#2312=CARTESIAN_POINT('Origin',(42.5,58.,39.));
#2313=CARTESIAN_POINT('',(-83.,58.,41.));
#2314=CARTESIAN_POINT('',(83.,58.,41.));
#2315=CARTESIAN_POINT('',(42.5,58.,41.));
#2316=CARTESIAN_POINT('',(85.,60.,39.));
#2317=CARTESIAN_POINT('Origin',(83.,58.,39.));
#2318=CARTESIAN_POINT('',(-85.,60.,39.));
#2319=CARTESIAN_POINT('',(42.5,60.,39.));
#2320=CARTESIAN_POINT('Origin',(-83.,58.,39.));
#2321=CARTESIAN_POINT('Origin',(83.,-30.75,39.));
#2322=CARTESIAN_POINT('',(83.,-59.,41.));
#2323=CARTESIAN_POINT('',(83.,-30.75,41.));
#2324=CARTESIAN_POINT('',(85.,-61.,39.));
#2325=CARTESIAN_POINT('Origin',(83.,-59.,39.));
#2326=CARTESIAN_POINT('',(85.,-30.75,39.));
#2327=CARTESIAN_POINT('Origin',(-42.5,-59.,39.));
#2328=CARTESIAN_POINT('',(-83.,-59.,41.));
#2329=CARTESIAN_POINT('',(-42.5,-59.,41.));
#2330=CARTESIAN_POINT('',(-85.,-61.,39.));
#2331=CARTESIAN_POINT('Origin',(-83.,-59.,39.));
#2332=CARTESIAN_POINT('',(-42.5,-61.,39.));
#2333=CARTESIAN_POINT('Origin',(-83.,29.75,39.));
#2334=CARTESIAN_POINT('',(-85.,29.75,39.));
#2335=CARTESIAN_POINT('',(-83.,29.75,41.));
#2336=CARTESIAN_POINT('Origin',(-85.,60.,38.));
#2337=CARTESIAN_POINT('',(-85.,60.,38.));
#2338=CARTESIAN_POINT('',(-85.,60.,38.));
#2339=CARTESIAN_POINT('',(-85.,-61.,38.));
#2340=CARTESIAN_POINT('',(-85.,60.,38.));
#2341=CARTESIAN_POINT('',(-85.,-61.,38.));
#2342=CARTESIAN_POINT('Origin',(85.,60.,38.));
#2343=CARTESIAN_POINT('',(85.,60.,38.));
#2344=CARTESIAN_POINT('',(85.,60.,38.));
#2345=CARTESIAN_POINT('',(85.,60.,38.));
#2346=CARTESIAN_POINT('Origin',(0.,-0.499999999999989,41.));
#2347=CARTESIAN_POINT('Origin',(0.,-0.499999999999989,38.));
#2348=CARTESIAN_POINT('',(85.,-61.,38.));
#2349=CARTESIAN_POINT('',(-85.,-61.,38.));
#2350=CARTESIAN_POINT('',(85.,-61.,38.));
#2351=CARTESIAN_POINT('',(-81.5,-57.5,38.));
#2352=CARTESIAN_POINT('',(-81.5,56.5,38.));
#2353=CARTESIAN_POINT('',(-81.5,-57.5,38.));
#2354=CARTESIAN_POINT('',(81.5,-57.5,38.));
#2355=CARTESIAN_POINT('',(81.5,-57.5,38.));
#2356=CARTESIAN_POINT('',(81.4999999999999,56.5,38.));
#2357=CARTESIAN_POINT('',(81.4999999999999,56.5,38.));
#2358=CARTESIAN_POINT('',(-81.5,56.5,38.));
#2359=CARTESIAN_POINT('Origin',(85.,-61.,38.));
#2360=CARTESIAN_POINT('',(85.,-61.,38.));
#2361=CARTESIAN_POINT('Origin',(-85.,-61.,38.));
#2362=CARTESIAN_POINT('Origin',(-81.5,-57.5,38.));
#2363=CARTESIAN_POINT('',(-81.5,56.5,31.));
#2364=CARTESIAN_POINT('',(-81.5,56.5,38.));
#2365=CARTESIAN_POINT('',(-81.5,-57.5,31.));
#2366=CARTESIAN_POINT('',(-81.5,-57.5,31.));
#2367=CARTESIAN_POINT('',(-81.5,-57.5,38.));
#2368=CARTESIAN_POINT('Origin',(81.5,-57.5,38.));
#2369=CARTESIAN_POINT('',(81.5,-57.5,31.));
#2370=CARTESIAN_POINT('',(81.5,-57.5,31.));
#2371=CARTESIAN_POINT('',(81.5,-57.5,38.));
#2372=CARTESIAN_POINT('Origin',(81.4999999999999,56.5,38.));
#2373=CARTESIAN_POINT('',(81.4999999999999,56.5,31.));
#2374=CARTESIAN_POINT('',(81.4999999999999,56.5,31.));
#2375=CARTESIAN_POINT('',(81.4999999999999,56.5,38.));
#2376=CARTESIAN_POINT('Origin',(-81.5,56.5,38.));
#2377=CARTESIAN_POINT('',(-81.5,56.5,31.));
#2378=CARTESIAN_POINT('Origin',(-1.77635683940025E-14,-0.500000000000007,
31.));
#2379=UNCERTAINTY_MEASURE_WITH_UNIT(LENGTH_MEASURE(0.01),#2383,
'DISTANCE_ACCURACY_VALUE',
'Maximum model space distance between geometric entities at asserted c
onnectivities');
#2380=UNCERTAINTY_MEASURE_WITH_UNIT(LENGTH_MEASURE(0.01),#2383,
'DISTANCE_ACCURACY_VALUE',
'Maximum model space distance between geometric entities at asserted c
onnectivities');
#2381=(
GEOMETRIC_REPRESENTATION_CONTEXT(3)
GLOBAL_UNCERTAINTY_ASSIGNED_CONTEXT((#2379))
GLOBAL_UNIT_ASSIGNED_CONTEXT((#2383,#2385,#2386))
REPRESENTATION_CONTEXT('','3D')
);
#2382=(
GEOMETRIC_REPRESENTATION_CONTEXT(3)
GLOBAL_UNCERTAINTY_ASSIGNED_CONTEXT((#2380))
GLOBAL_UNIT_ASSIGNED_CONTEXT((#2383,#2385,#2386))
REPRESENTATION_CONTEXT('','3D')
);
#2383=(
LENGTH_UNIT()
NAMED_UNIT(*)
SI_UNIT(.MILLI.,.METRE.)
);
#2384=(
LENGTH_UNIT()
NAMED_UNIT(*)
SI_UNIT($,.METRE.)
);
#2385=(
NAMED_UNIT(*)
PLANE_ANGLE_UNIT()
SI_UNIT($,.RADIAN.)
);
#2386=(
NAMED_UNIT(*)
SI_UNIT($,.STERADIAN.)
SOLID_ANGLE_UNIT()
);
#2387=SHAPE_DEFINITION_REPRESENTATION(#2388,#2389);
#2388=PRODUCT_DEFINITION_SHAPE('',$,#2391);
#2389=SHAPE_REPRESENTATION('',(#1224),#2381);
#2390=PRODUCT_DEFINITION_CONTEXT('part definition',#2395,'design');
#2391=PRODUCT_DEFINITION('Top','Top',#2392,#2390);
#2392=PRODUCT_DEFINITION_FORMATION('',$,#2397);
#2393=PRODUCT_RELATED_PRODUCT_CATEGORY('Top','Top',(#2397));
#2394=APPLICATION_PROTOCOL_DEFINITION('international standard',
'automotive_design',2009,#2395);
#2395=APPLICATION_CONTEXT(
'Core Data for Automotive Mechanical Design Process');
#2396=PRODUCT_CONTEXT('part definition',#2395,'mechanical');
#2397=PRODUCT('Top','Top',$,(#2396));
#2398=PRESENTATION_STYLE_ASSIGNMENT((#2401));
#2399=PRESENTATION_STYLE_ASSIGNMENT((#2402));
#2400=PRESENTATION_STYLE_ASSIGNMENT((#2403));
#2401=SURFACE_STYLE_USAGE(.BOTH.,#2404);
#2402=SURFACE_STYLE_USAGE(.BOTH.,#2405);
#2403=SURFACE_STYLE_USAGE(.BOTH.,#2406);
#2404=SURFACE_SIDE_STYLE('',(#2407));
#2405=SURFACE_SIDE_STYLE('',(#2408));
#2406=SURFACE_SIDE_STYLE('',(#2409));
#2407=SURFACE_STYLE_FILL_AREA(#2410);
#2408=SURFACE_STYLE_FILL_AREA(#2411);
#2409=SURFACE_STYLE_FILL_AREA(#2412);
#2410=FILL_AREA_STYLE('Steel - Satin',(#2413));
#2411=FILL_AREA_STYLE('Plastic - Matte (Centurion)',(#2414));
#2412=FILL_AREA_STYLE('Plastic - Matte (Black)',(#2415));
#2413=FILL_AREA_STYLE_COLOUR('Steel - Satin',#2416);
#2414=FILL_AREA_STYLE_COLOUR('Plastic - Matte (Centurion)',#2417);
#2415=FILL_AREA_STYLE_COLOUR('Plastic - Matte (Black)',#2418);
#2416=COLOUR_RGB('Steel - Satin',0.627450980392157,0.627450980392157,0.627450980392157);
#2417=COLOUR_RGB('Plastic - Matte (Centurion)',0.411764705882353,0.556862745098039,
0.682352941176471);
#2418=COLOUR_RGB('Plastic - Matte (Black)',0.0980392156862745,0.0980392156862745,
0.0980392156862745);
ENDSEC;
END-ISO-10303-21;
